N,P,K,temperature,humidity,ph,rainfall,season,label
26,6,32,27.95,99.81,5.39,222.42,All Season,coconut
96,88,51,29.18,85.56,6.16,84.59,All Season,banana
16,10,29,25.0,94.64,6.28,205.56,All Season,coconut
93,64,26,27.75,70.19,6.54,56.16,Kharif,maize
34,63,52,27.88,55.64,6.86,58.63,Kharif,groundnut
103,82,58,26.16,81.82,6.39,127.31,All Season,banana
78,11,63,25.74,84.23,6.02,55.28,Zaid,watermelon
98,28,20,27.17,59.9,7.2,158.1,All Season,coffee
14,65,25,20.49,53.08,5.85,82.95,Kharif,kidneybeans
38,59,54,25.33,50.43,6.98,69.9,Kharif,groundnut
61,52,34,16.27,45.57,6.87,43.79,Rabi,mustard
90,43,41,24.03,82.49,6.09,230.74,Kharif,rice
25,47,14,31.37,49.47,6.33,49.86,Kharif,mothbeans
46,52,56,30.94,95.38,6.78,141.47,All Season,papaya
127,55,118,15.87,82.8,5.9,48.58,Rabi,potato
17,50,23,27.88,53.12,7.39,36.89,Rabi,lentil
33,20,36,18.27,91.97,7.11,104.29,All Season,pomegranate
28,80,22,20.9,65.69,5.7,81.36,Kharif,kidneybeans
104,46,124,17.51,66.06,5.86,41.14,Rabi,potato
24,46,53,28.56,54.68,6.79,80.43,Kharif,groundnut
88,45,38,26.75,86.13,6.73,269.16,Kharif,rice
57,17,20,28.26,73.67,6.6,76.15,Kharif,maize
21,83,18,20.23,69.86,7.28,25.58,Rabi,lentil
28,48,37,22.25,81.18,7.17,161.37,Kharif,jute
30,161,214,31.4,78.21,5.67,55.33,All Season,grapes
100,36,76,21.4,60.46,6.29,63.95,Rabi,tomato
50,71,42,26.36,65.46,6.3,108.12,Kharif,soybean
10,30,28,32.87,60.35,4.73,81.01,All Season,mango
79,49,16,21.49,69.31,7.1,82.49,Kharif,maize
28,39,30,32.73,51.21,6.07,92.61,All Season,mango
26,11,32,14.94,86.97,6.71,101.79,All Season,pomegranate
15,21,13,24.37,90.63,6.56,99.86,All Season,orange
19,38,34,25.49,83.78,6.87,54.0,Zaid,mungbean
53,78,98,23.15,58.0,5.25,57.8,Rabi,tomato
69,47,11,20.28,62.14,6.24,87.74,Kharif,maize
22,44,20,32.74,87.03,6.55,43.0,Zaid,mungbean
82,24,28,29.39,63.99,7.26,178.6,All Season,coffee
27,72,88,17.75,29.37,7.38,86.55,Rabi,chickpea
69,46,17,27.15,67.29,6.65,96.2,Kharif,maize
32,38,29,29.47,53.93,5.63,71.87,All Season,mango
78,57,39,19.12,55.72,6.21,82.95,Rabi,wheat
79,27,39,20.74,85.35,6.55,201.8,Kharif,rice
55,62,78,18.62,42.29,7.38,68.63,Rabi,chickpea
16,29,16,24.6,92.32,6.65,44.54,Zaid,mungbean
31,142,193,26.57,92.18,5.99,111.93,All Season,apple
17,155,204,20.92,91.42,6.56,108.47,All Season,apple
144,71,83,26.4,75.93,6.83,166.07,All Season,sugarcane
80,45,28,22.95,80.29,6.08,225.16,Kharif,rice
26,56,37,27.78,66.94,6.44,69.82,Kharif,groundnut
25,10,8,22.44,96.98,6.98,118.6,All Season,orange
25,14,47,23.91,97.51,6.23,91.54,All Season,pomegranate
85,27,27,28.14,56.02,6.78,170.77,All Season,coffee
95,44,15,19.16,51.24,7.53,65.14,Kharif,maize
119,53,77,30.56,77.08,7.15,130.99,All Season,sugarcane
98,41,29,20.75,52.19,6.74,64.3,Rabi,wheat
25,26,31,25.46,34.94,7.08,40.84,Kharif,millet
21,135,179,30.27,86.66,5.92,64.74,All Season,grapes
15,48,12,31.72,84.68,7.15,42.73,Zaid,mungbean
44,67,45,28.36,67.7,6.55,81.02,Kharif,soybean
27,25,51,22.67,90.23,6.75,118.98,All Season,pomegranate
14,43,26,28.54,80.56,7.2,55.31,Zaid,mungbean
17,50,17,28.76,62.05,7.1,58.1,Kharif,mothbeans
44,78,11,33.24,65.23,7.54,67.16,Kharif,blackgram
90,30,26,17.18,72.23,7.06,65.36,Kharif,maize
75,51,33,25.3,89.66,6.36,242.05,Kharif,rice
105,81,53,31.47,81.58,5.85,85.68,All Season,banana
18,30,24,27.97,43.92,6.82,105.61,All Season,mango
93,25,44,24.65,83.03,6.47,44.97,Zaid,watermelon
17,136,191,19.43,88.18,6.52,128.7,All Season,apple
22,75,17,29.02,51.3,6.02,129.36,Kharif,pigeonpeas
17,16,11,19.75,94.38,7.82,107.39,All Season,orange
50,60,41,23.99,76.67,6.56,96.0,Kharif,soybean
98,70,171,17.89,73.17,6.08,37.94,Rabi,potato
101,47,15,26.47,80.5,6.34,81.86,Kharif,cotton
104,68,40,17.92,52.82,6.58,69.62,Rabi,wheat
11,49,19,28.64,49.87,8.34,68.32,Kharif,mothbeans
60,44,40,14.52,44.46,8.0,42.46,Rabi,barley
113,71,99,17.92,72.64,5.63,39.89,Rabi,potato
55,36,48,15.93,55.13,7.14,30.26,Rabi,mustard
94,61,94,23.27,80.17,6.74,236.78,All Season,sugarcane
19,21,30,26.93,91.05,6.31,156.14,All Season,coconut
30,15,32,29.22,96.46,5.75,178.59,All Season,coconut
20,55,14,28.43,83.0,7.0,48.31,Zaid,mungbean
12,24,38,26.7,95.72,5.99,234.88,All Season,coconut
58,37,55,23.54,89.2,6.2,145.2,Kharif,jute
123,48,50,18.05,67.45,6.32,91.04,Rabi,wheat
30,53,47,23.69,56.87,6.7,63.44,Kharif,groundnut
36,117,216,23.5,81.38,5.39,66.18,All Season,grapes
162,51,110,25.58,77.65,6.65,152.33,All Season,sugarcane
81,58,91,24.29,72.6,6.35,82.06,Rabi,tomato
26,65,89,18.48,54.07,6.72,79.82,Rabi,chickpea
22,30,22,30.05,46.77,5.56,113.87,All Season,mango
143,75,90,27.23,74.96,6.79,147.02,All Season,sugarcane
17,37,32,32.22,49.39,5.77,89.73,All Season,mango
56,68,34,32.46,95.72,6.81,112.69,All Season,papaya
14,77,23,24.62,55.03,5.9,106.96,Kharif,kidneybeans
48,96,36,23.17,71.14,7.15,85.41,Kharif,soybean
75,37,37,17.03,54.2,6.85,35.9,Rabi,mustard
89,80,30,18.37,58.8,6.77,62.22,Rabi,wheat
54,59,53,38.73,94.94,7.2,144.97,All Season,papaya
99,32,29,24.65,58.49,6.81,150.48,All Season,coffee
80,54,37,24.81,81.35,6.44,247.85,Kharif,rice
14,52,10,22.05,57.44,7.05,51.31,Kharif,mothbeans
18,21,9,20.22,94.58,6.85,121.67,All Season,orange
24,31,39,28.83,53.91,5.66,118.81,All Season,mango
25,68,23,24.92,69.92,7.43,79.45,Kharif,blackgram
102,62,12,26.15,79.29,7.85,86.54,Kharif,cotton
33,61,68,19.9,49.67,7.48,105.12,Rabi,chickpea
96,45,31,30.43,82.3,6.41,229.28,Kharif,rice
13,13,13,20.36,92.83,7.11,133.86,All Season,orange
61,20,27,28.71,43.34,7.03,39.48,Kharif,millet
26,57,26,28.74,52.12,6.53,122.21,Kharif,pigeonpeas
46,24,24,29.89,51.41,6.49,53.81,Kharif,millet
75,54,44,26.6,86.54,6.25,161.45,Kharif,jute
9,63,20,18.86,54.8,5.67,103.38,Kharif,kidneybeans
100,25,33,27.01,49.77,6.84,219.0,All Season,coffee
87,46,45,27.81,80.83,6.31,277.38,Kharif,rice
33,73,98,18.32,49.32,6.78,65.65,Rabi,chickpea
17,22,34,26.59,53.21,6.14,77.41,All Season,mango
125,38,21,21.24,87.38,6.11,102.58,Kharif,cotton
43,41,37,36.57,34.06,6.29,30.09,Kharif,millet
31,139,190,28.01,86.73,6.11,58.8,All Season,grapes
23,35,26,26.81,89.14,7.33,52.57,Zaid,mungbean
62,82,60,31.37,89.96,6.64,187.21,All Season,papaya
21,33,33,30.69,57.54,4.62,136.04,All Season,mango
104,35,31,28.71,55.26,6.34,165.8,All Season,coffee
103,58,21,25.84,75.31,5.42,70.98,Kharif,cotton
31,75,21,29.52,59.49,7.14,49.22,Kharif,blackgram
26,31,15,23.44,84.4,6.68,49.14,Zaid,mungbean
26,69,14,27.37,68.78,6.39,48.81,Rabi,lentil
71,38,37,15.57,40.0,8.05,42.15,Rabi,barley
30,122,205,22.02,82.63,6.36,54.88,All Season,grapes
13,14,29,28.66,91.78,5.69,191.02,All Season,coconut
64,62,37,35.22,88.33,7.26,122.03,All Season,papaya
10,80,17,28.31,67.75,6.29,59.25,Rabi,lentil
17,58,28,17.86,52.94,5.76,80.96,Kharif,kidneybeans
80,35,51,16.91,50.99,7.02,55.92,Rabi,wheat
26,46,47,35.42,94.11,6.89,133.01,All Season,papaya
26,17,36,23.23,85.85,6.81,92.16,All Season,pomegranate
70,35,24,17.42,51.0,7.68,33.54,Rabi,barley
27,53,39,21.87,56.91,6.54,85.76,Kharif,groundnut
18,19,33,29.25,38.24,5.61,114.62,All Season,mango
75,35,34,16.42,51.32,7.53,43.84,Rabi,barley
81,52,114,14.92,70.57,6.27,71.14,Rabi,potato
83,45,40,16.8,44.35,7.18,40.19,Rabi,mustard
26,63,5,19.06,50.29,5.21,80.25,Kharif,kidneybeans
123,24,33,25.24,51.81,7.09,130.73,All Season,coffee
89,34,27,16.46,45.21,6.83,52.85,Rabi,barley
69,40,50,21.45,76.26,6.48,174.26,Kharif,jute
86,48,17,22.15,64.38,6.31,80.34,Kharif,maize
23,6,24,27.83,95.21,5.91,186.77,All Season,coconut
74,25,27,31.51,44.12,7.21,50.81,Kharif,millet
19,73,31,21.52,58.08,6.52,45.32,Rabi,lentil
46,44,33,23.58,52.71,6.6,176.02,All Season,coffee
26,76,73,23.1,56.96,6.99,71.76,Rabi,chickpea
24,16,30,28.61,93.56,5.66,194.0,All Season,coconut
85,29,43,24.48,54.96,6.94,66.23,Rabi,wheat
103,72,123,17.87,59.26,5.97,61.37,Rabi,potato
18,14,10,22.91,89.67,5.91,92.63,All Season,orange
108,67,119,15.66,74.76,5.86,59.12,Rabi,potato
57,64,66,33.83,94.42,6.12,121.98,All Season,papaya
21,14,32,28.68,93.08,6.07,212.79,All Season,coconut
89,54,15,25.98,61.25,6.9,91.61,Kharif,maize
24,46,19,28.23,53.1,6.15,164.56,Kharif,pigeonpeas
34,61,45,35.59,89.3,6.39,92.07,All Season,papaya
18,101,205,24.05,84.12,5.91,64.43,All Season,grapes
71,45,21,20.21,88.83,7.06,222.53,Kharif,rice
37,69,49,25.87,71.83,6.93,76.59,Kharif,soybean
78,43,28,18.28,50.79,7.06,35.67,Rabi,mustard
17,73,22,31.01,40.8,4.64,171.45,Kharif,pigeonpeas
97,52,70,24.39,60.72,6.52,55.48,Rabi,tomato
113,70,135,20.22,73.03,5.9,49.8,Rabi,potato
21,148,183,26.42,86.84,6.75,105.3,All Season,apple
22,52,11,26.99,84.48,6.8,59.93,Zaid,mungbean
100,74,114,14.16,65.23,5.82,38.96,Rabi,potato
10,40,21,30.23,49.92,6.76,68.5,All Season,mango
80,35,38,13.95,56.35,6.74,32.77,Rabi,mustard
34,65,54,32.4,87.17,6.7,142.41,All Season,papaya
19,46,20,32.09,39.16,5.51,158.23,Kharif,pigeonpeas
59,64,45,37.71,87.65,6.66,166.77,All Season,papaya
42,47,25,19.57,60.25,5.83,90.34,Kharif,kidneybeans
42,46,31,27.98,75.61,7.15,79.71,Kharif,soybean
22,10,23,21.86,97.25,6.33,201.01,All Season,coconut
106,56,103,23.94,69.3,5.79,63.12,Rabi,tomato
116,79,38,15.26,46.72,6.31,64.5,Rabi,wheat
105,45,41,13.14,56.99,6.93,35.09,Rabi,wheat
122,37,19,20.12,46.8,6.51,47.45,Rabi,wheat
51,37,43,13.77,50.99,7.88,28.81,Rabi,barley
100,22,43,28.6,82.07,6.16,58.99,Zaid,watermelon
22,23,10,24.59,88.79,7.38,101.02,All Season,orange
22,38,28,26.72,85.33,6.92,42.09,Zaid,mungbean
13,14,45,20.47,86.68,6.14,118.48,All Season,pomegranate
111,43,20,20.57,75.97,6.01,63.79,Kharif,cotton
17,87,23,19.66,53.14,5.6,113.57,Kharif,kidneybeans
6,19,40,21.55,94.06,6.7,112.47,All Season,pomegranate
45,58,51,18.24,78.72,6.92,100.22,Kharif,soybean
54,79,82,23.2,47.23,7.46,79.2,Rabi,chickpea
23,45,49,23.66,67.66,6.98,86.67,Kharif,groundnut
31,75,9,31.94,58.41,7.6,69.94,Kharif,blackgram
75,54,21,20.09,62.77,6.1,104.37,Kharif,maize
25,28,27,37.64,49.58,6.38,86.98,All Season,mango
102,49,36,26.09,93.48,7.18,69.06,Kharif,cotton
84,39,17,24.81,62.39,7.36,77.81,Kharif,maize
60,70,32,27.7,70.57,5.74,97.17,Kharif,soybean
94,58,17,24.07,69.58,6.24,91.38,Kharif,cotton
28,124,188,27.36,76.74,5.88,73.54,All Season,grapes
69,43,24,29.47,59.11,7.03,145.88,All Season,coffee
108,36,39,26.26,54.68,6.12,184.14,All Season,coffee
28,64,14,28.84,48.52,5.98,154.79,Kharif,pigeonpeas
96,49,32,17.82,46.24,6.4,45.49,Rabi,mustard
60,22,28,15.9,90.16,6.79,148.81,Kharif,jute
52,45,42,31.26,90.08,6.15,147.69,All Season,papaya
24,26,28,32.51,46.02,5.63,97.43,All Season,mango
95,25,28,27.81,58.19,7.21,196.55,All Season,coffee
17,20,25,32.81,83.29,6.6,40.46,Zaid,mungbean
84,68,46,23.18,88.01,6.24,168.86,Kharif,rice
72,58,40,21.31,78.42,6.67,208.09,Kharif,rice
17,71,19,18.94,52.87,5.8,74.66,Kharif,kidneybeans
23,9,42,27.14,94.36,5.61,176.42,All Season,coconut
78,43,22,13.5,52.77,7.98,40.94,Rabi,mustard
16,151,174,20.98,88.61,5.83,53.82,All Season,grapes
23,139,197,28.09,94.03,5.51,117.17,All Season,apple
23,48,20,21.82,88.48,6.75,52.28,Zaid,mungbean
66,21,33,32.39,45.74,6.84,28.92,Kharif,millet
107,11,48,24.59,86.22,6.05,63.32,Zaid,watermelon
23,70,22,20.56,63.03,5.41,91.46,Kharif,kidneybeans
93,49,24,16.23,40.46,5.97,76.41,Rabi,wheat
64,44,47,17.7,43.36,7.46,34.9,Rabi,mustard
21,24,32,20.56,87.2,6.53,102.62,All Season,pomegranate
81,55,43,24.56,78.05,6.59,286.46,Kharif,rice
97,24,55,26.52,83.6,6.27,64.86,Zaid,watermelon
25,11,38,30.98,92.63,6.08,194.97,All Season,coconut
42,40,52,25.44,50.61,6.73,81.0,Kharif,groundnut
71,41,12,22.23,54.47,6.88,86.48,Kharif,maize
14,62,18,32.56,52.53,5.88,62.7,Kharif,mothbeans
12,14,36,19.53,91.0,5.62,91.23,All Season,pomegranate
24,82,22,24.65,56.18,6.62,228.8,Kharif,pigeonpeas
58,53,48,36.06,96.51,6.49,191.59,All Season,papaya
52,36,38,32.19,57.73,6.22,84.36,Kharif,groundnut
28,56,15,27.17,61.71,7.01,78.05,Kharif,blackgram
157,68,76,32.48,83.7,6.74,148.73,All Season,sugarcane
20,63,27,27.7,61.38,6.92,53.42,Kharif,blackgram
75,63,49,24.57,83.18,6.54,175.65,Kharif,jute
21,17,37,27.12,94.85,5.76,188.62,All Season,coconut
120,52,40,18.08,42.75,6.5,54.77,Rabi,wheat
26,87,25,18.18,57.99,5.31,116.45,Kharif,kidneybeans
96,59,33,29.82,83.12,6.18,122.42,All Season,banana
21,66,22,13.67,59.75,5.74,100.55,Kharif,kidneybeans
38,66,21,27.35,65.79,6.95,52.15,Kharif,blackgram
29,57,54,27.85,56.08,6.71,62.96,Kharif,groundnut
21,19,33,23.62,87.08,6.36,129.7,All Season,pomegranate
27,34,30,27.41,43.34,5.85,85.0,All Season,mango
102,55,38,20.2,68.26,6.38,44.45,Rabi,wheat
23,14,50,22.23,87.41,6.67,121.4,All Season,pomegranate
105,64,129,15.39,63.4,5.56,38.18,Rabi,potato
66,55,105,25.74,58.01,5.76,75.13,Rabi,tomato
100,38,13,22.57,76.82,5.71,93.0,Kharif,cotton
51,49,42,25.32,71.98,6.39,81.56,Kharif,soybean
62,39,44,27.63,85.7,6.4,191.39,Kharif,jute
101,10,34,24.11,47.04,6.47,143.85,All Season,coffee
20,141,194,23.41,87.01,5.62,100.51,All Season,apple
16,23,14,21.39,90.44,6.49,99.17,All Season,orange
134,50,38,15.87,48.91,6.34,46.64,Rabi,wheat
19,14,45,26.84,91.47,7.17,85.12,All Season,pomegranate
35,60,17,27.61,50.37,5.93,182.1,Kharif,pigeonpeas
91,21,39,21.93,47.53,6.34,119.59,All Season,coffee
33,54,50,23.12,67.64,6.15,41.14,Kharif,groundnut
36,70,45,28.61,69.9,5.88,93.26,Kharif,soybean
79,68,99,15.95,73.76,6.21,49.4,Rabi,potato
20,60,19,20.2,44.29,5.84,85.41,Kharif,kidneybeans
119,49,10,23.59,82.62,6.82,68.99,Kharif,cotton
27,15,44,21.47,89.36,6.09,132.98,All Season,pomegranate
71,43,33,19.02,43.68,6.98,32.32,Rabi,mustard
16,47,20,30.18,47.27,5.57,146.02,Kharif,pigeonpeas
121,76,50,31.49,73.24,5.49,71.68,All Season,banana
90,82,53,25.38,87.5,6.12,118.6,All Season,banana
52,36,29,22.94,41.08,7.69,37.62,Kharif,millet
102,58,43,26.25,75.31,6.34,120.21,All Season,banana
7,83,16,22.68,54.21,7.77,32.11,Rabi,lentil
100,66,49,14.06,58.58,6.88,60.54,Rabi,wheat
13,148,191,22.15,87.62,5.9,106.79,All Season,apple
4,72,21,30.69,65.75,7.31,43.05,Rabi,lentil
12,54,25,20.85,50.84,5.76,84.48,Kharif,kidneybeans
56,58,21,29.74,72.55,7.26,65.18,Kharif,blackgram
10,93,18,24.33,68.33,7.38,54.46,Rabi,lentil
118,50,15,21.73,82.24,8.09,98.46,Kharif,cotton
88,59,47,25.63,80.42,6.7,206.82,Kharif,rice
93,42,79,13.9,59.03,6.42,66.09,Rabi,tomato
15,61,14,23.06,54.58,5.81,93.59,Kharif,kidneybeans
17,59,14,34.17,55.99,6.76,119.43,Kharif,pigeonpeas
114,72,145,13.87,61.7,5.49,36.97,Rabi,potato
88,50,125,17.67,63.92,4.91,72.73,Rabi,potato
24,115,205,22.2,86.09,6.31,63.65,All Season,grapes
15,137,210,16.98,94.13,5.68,109.23,All Season,apple
127,53,26,26.65,79.0,6.34,110.42,Kharif,cotton
122,68,71,28.54,71.87,7.41,143.09,All Season,sugarcane
20,49,23,30.29,86.54,7.18,32.81,Zaid,mungbean
34,79,37,26.61,84.6,6.32,93.24,Kharif,soybean
37,55,34,27.69,69.14,6.51,45.68,Kharif,groundnut
34,77,22,20.92,58.17,5.12,99.42,Kharif,kidneybeans
14,73,15,20.15,58.46,5.6,108.41,Kharif,kidneybeans
95,77,40,27.66,81.15,5.4,123.91,All Season,banana
79,45,32,22.56,85.78,6.6,200.67,Kharif,rice
7,117,191,22.59,91.79,5.85,120.05,All Season,apple
79,68,133,18.96,68.17,5.45,45.4,Rabi,potato
12,38,17,22.09,53.28,6.68,31.93,Kharif,mothbeans
77,17,51,28.26,92.33,5.95,50.28,Zaid,watermelon
24,121,199,22.49,90.46,5.49,107.56,All Season,apple
16,138,204,22.09,94.52,5.49,123.68,All Season,apple
34,67,83,17.58,40.95,7.31,63.69,Rabi,chickpea
39,76,69,17.83,49.17,7.64,75.59,Rabi,chickpea
27,141,198,19.75,79.17,6.46,63.78,All Season,grapes
30,56,24,25.3,52.52,6.65,39.93,Kharif,mothbeans
82,48,37,16.64,39.57,6.97,38.4,Rabi,mustard
23,126,191,19.65,80.99,6.5,94.7,All Season,apple
85,14,31,24.18,53.51,6.29,162.12,All Season,coffee
11,55,20,25.12,51.08,5.82,100.79,Kharif,pigeonpeas
54,26,20,29.83,27.35,6.7,34.96,Kharif,millet
26,15,31,28.42,89.53,6.23,131.98,All Season,coconut
12,21,7,17.41,93.03,6.87,90.53,All Season,orange
85,77,49,26.97,87.09,5.72,77.01,All Season,banana
19,42,21,23.71,60.69,6.47,60.66,Kharif,mothbeans
85,37,36,30.29,77.57,6.38,207.48,Kharif,jute
80,59,37,21.72,78.97,6.37,191.35,Kharif,jute
14,14,10,21.75,95.36,7.11,126.84,All Season,orange
17,18,11,21.07,86.92,8.64,107.96,All Season,orange
63,64,18,26.39,75.65,7.0,77.23,Kharif,maize
113,32,31,27.66,59.39,7.19,173.45,All Season,coffee
32,58,36,22.95,82.98,7.47,85.63,Kharif,soybean
83,33,32,20.02,44.62,7.65,41.8,Rabi,mustard
9,48,23,29.55,86.17,7.16,42.6,Zaid,mungbean
119,73,36,26.19,72.96,5.55,111.78,All Season,banana
13,23,34,29.36,96.57,6.07,219.52,All Season,coconut
102,70,51,27.78,77.51,5.64,95.03,All Season,banana
119,83,42,30.35,78.9,5.51,100.56,All Season,banana
116,50,77,21.93,65.43,6.89,50.65,Rabi,tomato
67,23,21,15.24,46.96,7.9,38.2,Rabi,barley
26,134,197,26.63,86.83,5.39,62.44,All Season,grapes
80,53,27,18.19,38.25,6.98,28.57,Rabi,barley
109,13,48,27.66,82.63,6.27,56.72,Zaid,watermelon
42,67,50,27.5,50.63,6.56,76.36,Kharif,groundnut
41,61,77,22.98,53.04,6.78,92.45,Rabi,chickpea
74,107,55,27.93,83.48,6.28,101.19,All Season,banana
55,56,49,30.7,65.67,6.7,66.02,Kharif,groundnut
23,62,19,32.81,42.34,6.61,141.95,Kharif,pigeonpeas
79,17,53,27.15,89.46,6.19,45.47,Zaid,watermelon
111,43,92,17.14,59.58,5.13,49.66,Rabi,potato
17,68,20,29.24,46.39,4.88,139.18,Kharif,pigeonpeas
18,120,191,18.06,94.22,5.87,82.01,All Season,apple
14,71,19,14.4,44.34,5.52,114.15,Kharif,kidneybeans
20,17,42,23.12,93.43,6.91,109.17,All Season,pomegranate
180,66,88,32.77,76.81,6.55,162.0,All Season,sugarcane
113,57,33,19.46,51.55,6.65,103.4,Rabi,wheat
64,60,24,20.5,77.16,6.78,219.28,Kharif,jute
103,49,120,18.74,63.65,5.79,46.87,Rabi,potato
54,60,61,21.32,40.89,7.62,50.45,Rabi,chickpea
113,62,121,17.86,81.15,6.82,47.33,Rabi,potato
15,81,22,25.5,56.13,7.77,59.15,Kharif,blackgram
54,40,17,24.93,44.31,7.15,24.69,Kharif,millet
23,147,196,25.13,81.74,5.96,72.71,All Season,grapes
94,70,95,22.29,62.53,6.59,69.95,Rabi,tomato
55,33,24,15.1,41.75,7.71,40.12,Rabi,barley
25,22,29,32.37,93.03,6.09,183.06,All Season,coconut
14,54,23,29.35,47.03,6.92,37.8,Kharif,mothbeans
21,52,21,25.62,85.68,6.27,48.81,Zaid,mungbean
17,39,16,31.63,85.55,6.63,46.9,Zaid,mungbean
22,15,31,25.69,98.13,6.57,171.7,All Season,coconut
16,158,205,24.18,80.9,6.12,72.96,All Season,grapes
24,26,37,28.74,97.89,5.85,160.45,All Season,coconut
83,49,34,25.01,87.24,6.31,120.05,Kharif,jute
5,63,20,21.12,53.2,5.71,55.23,Kharif,kidneybeans
19,55,22,25.3,61.1,6.09,135.48,Kharif,pigeonpeas
73,52,58,32.52,88.6,6.74,158.83,All Season,papaya
33,63,43,32.96,93.48,6.61,148.36,All Season,papaya
79,62,40,21.85,89.62,6.62,198.88,Kharif,rice
54,81,57,33.43,92.41,6.49,118.85,All Season,papaya
22,30,36,26.94,59.74,4.55,79.62,All Season,mango
15,114,212,23.56,93.7,5.75,107.67,All Season,apple
60,66,49,22.83,73.43,6.94,226.56,Kharif,rice
16,17,15,25.79,91.91,7.34,120.9,All Season,orange
24,42,23,24.99,63.31,6.35,54.63,Kharif,mothbeans
97,24,35,25.99,71.31,6.86,144.33,All Season,coffee
40,69,19,32.76,71.11,6.86,60.61,Kharif,blackgram
13,46,16,22.36,91.9,6.98,53.33,Zaid,mungbean
51,86,69,16.77,37.45,7.21,87.0,Rabi,chickpea
159,59,115,30.88,79.1,6.4,175.68,All Season,sugarcane
45,45,42,35.06,96.16,6.8,162.6,All Season,papaya
14,101,13,20.44,69.21,5.86,42.65,Rabi,lentil
22,53,29,26.75,54.95,5.9,23.3,Kharif,mothbeans
100,70,83,29.09,78.35,5.58,66.39,All Season,banana
67,42,30,17.59,54.45,6.87,48.25,Rabi,mustard
45,56,49,33.86,92.85,6.92,138.28,All Season,papaya
85,72,52,26.72,83.33,6.11,140.65,All Season,banana
20,168,178,26.47,94.6,5.71,142.03,All Season,apple
90,47,57,23.77,75.1,6.87,155.8,Kharif,jute
16,126,183,21.93,96.06,5.9,128.17,All Season,apple
12,73,6,25.91,45.07,6.12,150.57,Kharif,pigeonpeas
11,66,21,28.33,36.94,5.35,148.4,Kharif,pigeonpeas
18,81,30,20.18,63.45,5.71,46.93,Rabi,lentil
47,35,24,33.52,35.53,7.13,51.0,Kharif,millet
45,64,18,30.44,60.43,7.18,86.36,Kharif,blackgram
41,33,22,30.01,39.53,7.37,51.18,Kharif,millet
24,148,202,27.6,91.67,6.15,127.19,All Season,apple
31,53,37,24.25,72.85,6.88,85.38,Kharif,soybean
43,63,49,20.7,71.54,6.3,107.66,Kharif,soybean
22,144,209,26.86,85.48,6.17,130.41,All Season,apple
104,63,31,18.57,56.0,6.8,69.34,Rabi,wheat
56,57,39,28.03,74.05,5.97,93.78,Kharif,soybean
25,63,11,32.08,69.3,6.41,84.01,Kharif,blackgram
108,25,33,23.05,59.3,7.12,80.74,All Season,coffee
20,18,7,21.42,93.42,7.17,119.64,All Season,orange
44,92,66,19.27,41.03,7.47,80.29,Rabi,chickpea
22,117,210,21.41,83.58,6.16,92.6,All Season,apple
64,41,25,21.43,62.17,6.02,92.62,Kharif,maize
20,62,12,28.84,63.07,4.88,149.19,Kharif,pigeonpeas
15,134,167,25.49,84.54,6.3,64.86,All Season,grapes
17,133,209,28.01,75.94,5.9,74.96,All Season,grapes
100,54,44,18.0,46.99,6.75,74.16,Rabi,wheat
29,125,197,29.11,97.36,5.23,119.67,All Season,apple
14,73,9,18.54,55.83,5.43,86.27,Kharif,kidneybeans
108,63,17,18.92,65.99,5.62,90.82,Kharif,maize
74,25,28,27.36,47.51,6.82,170.94,All Season,coffee
25,141,203,27.28,84.2,5.88,64.05,All Season,grapes
9,13,47,24.42,91.55,5.71,102.62,All Season,pomegranate
22,41,18,24.27,84.62,6.62,53.4,Zaid,mungbean
19,78,19,30.67,56.17,6.64,43.73,Rabi,lentil
49,66,19,29.61,71.77,6.75,58.33,Kharif,blackgram
33,59,29,21.94,59.04,5.77,100.03,Kharif,kidneybeans
24,76,15,29.06,42.86,5.85,118.39,Kharif,pigeonpeas
8,74,27,25.68,53.78,5.85,116.4,Kharif,kidneybeans
133,51,80,37.33,86.25,6.86,144.8,All Season,sugarcane
55,58,95,20.05,36.6,7.45,48.5,Rabi,chickpea
36,19,19,32.22,45.12,7.3,27.11,Kharif,millet
70,78,46,28.19,83.32,6.51,73.86,All Season,banana
17,30,31,30.7,50.03,5.31,65.06,All Season,mango
19,36,26,29.42,52.73,5.51,98.05,All Season,mango
15,25,31,30.74,52.48,6.68,84.85,All Season,mango
100,47,19,29.02,82.29,5.98,57.63,Kharif,cotton
50,43,27,17.06,46.09,7.93,44.13,Rabi,barley
28,78,15,23.58,65.67,6.55,61.92,Rabi,lentil
85,36,34,17.37,56.46,6.5,70.28,Rabi,wheat
34,81,42,33.21,93.3,6.58,135.35,All Season,papaya
72,26,40,22.67,59.34,7.68,173.9,All Season,coffee
104,22,48,21.59,87.65,6.73,51.52,Zaid,watermelon
42,51,35,15.89,46.11,7.29,31.98,Rabi,mustard
30,71,71,17.78,39.03,7.56,92.88,Rabi,chickpea
71,66,29,29.08,85.68,7.46,130.23,Kharif,jute
98,48,82,24.28,60.04,7.32,66.95,Rabi,tomato
95,34,32,25.29,84.57,6.61,345.58,Kharif,rice
31,57,53,27.87,68.93,6.93,75.32,Kharif,groundnut
51,7,21,35.92,47.89,6.75,37.67,Kharif,millet
16,33,45,28.91,95.68,6.5,112.52,All Season,pomegranate
70,62,90,22.87,59.79,7.2,56.48,Rabi,tomato
89,16,60,28.2,86.11,6.14,41.19,Zaid,watermelon
118,18,56,25.63,89.43,6.66,50.93,Zaid,watermelon
102,63,47,15.3,47.01,5.87,72.62,Rabi,wheat
122,71,30,28.12,73.18,6.18,112.23,All Season,banana
85,51,35,16.98,55.34,6.81,63.94,Rabi,wheat
27,62,23,19.52,57.78,5.36,106.7,Kharif,kidneybeans
106,38,35,18.4,45.44,6.78,64.71,Rabi,wheat
21,106,205,24.73,82.15,5.91,66.09,All Season,grapes
11,77,26,21.74,57.56,5.4,88.06,Kharif,kidneybeans
71,55,44,23.95,82.59,6.91,212.25,Kharif,rice
102,54,39,24.7,76.37,7.38,233.88,Kharif,rice
24,124,187,19.96,92.97,5.9,46.49,All Season,grapes
50,63,49,29.52,94.2,7.47,152.83,All Season,papaya
24,48,26,31.25,79.9,6.93,45.94,Zaid,mungbean
18,63,25,23.03,56.32,6.64,51.19,Rabi,lentil
77,44,25,25.53,59.59,6.7,67.51,Kharif,maize
167,67,71,27.75,69.99,6.77,186.03,All Season,sugarcane
37,53,20,31.74,67.06,7.24,63.39,Kharif,mothbeans
65,27,57,23.77,85.28,6.4,217.77,Kharif,jute
80,44,54,22.35,88.48,6.71,123.3,Kharif,jute
78,67,19,20.23,54.4,5.6,56.49,Kharif,maize
39,57,43,27.49,74.41,6.55,89.17,Kharif,soybean
42,54,58,24.79,46.49,5.63,51.46,Kharif,groundnut
137,27,95,28.87,74.73,6.81,172.33,All Season,sugarcane
105,68,101,23.96,66.6,6.69,79.03,Rabi,tomato
21,29,27,31.9,45.0,6.44,82.31,All Season,mango
25,23,39,12.94,87.53,6.15,93.33,All Season,pomegranate
151,43,68,25.19,84.93,6.67,98.96,All Season,sugarcane
104,52,47,19.33,45.54,7.19,85.7,Rabi,wheat
61,48,55,30.85,92.77,6.98,126.11,All Season,papaya
70,38,37,15.34,39.81,6.9,34.37,Rabi,barley
48,37,43,19.4,45.28,7.42,52.69,Rabi,barley
98,71,43,21.06,78.16,7.06,144.06,All Season,sugarcane
109,35,31,24.45,56.98,6.81,164.34,All Season,coffee
141,71,95,31.08,81.52,6.94,156.03,All Season,sugarcane
109,48,29,19.94,58.9,6.56,92.7,Rabi,wheat
60,27,30,31.98,36.7,7.03,55.08,Kharif,millet
41,55,17,30.1,66.61,6.65,82.36,Kharif,blackgram
29,16,28,26.53,97.38,6.15,184.44,All Season,coconut
50,20,25,35.4,52.46,6.84,25.4,Kharif,millet
45,21,24,28.93,46.62,7.34,32.77,Kharif,millet
29,18,27,28.4,99.92,6.37,192.13,All Season,coconut
26,59,25,33.06,62.82,7.44,72.09,Kharif,blackgram
17,71,24,27.13,54.39,6.53,127.09,Kharif,pigeonpeas
54,41,53,19.64,38.77,7.18,40.9,Rabi,mustard
19,83,13,16.51,52.79,6.01,74.61,Kharif,kidneybeans
119,55,122,17.44,65.89,5.83,50.5,Rabi,potato
62,49,38,33.68,84.84,7.19,173.12,All Season,papaya
21,42,13,24.96,40.87,6.75,44.82,Kharif,mothbeans
14,56,27,26.16,59.18,7.45,47.01,Rabi,lentil
104,58,121,26.49,58.97,6.12,89.04,Rabi,tomato
82,55,26,22.18,63.57,6.06,70.12,Kharif,maize
119,30,14,30.16,82.1,6.53,87.93,Kharif,cotton
117,74,88,24.62,71.46,6.42,158.91,All Season,sugarcane
25,23,45,27.26,89.77,6.66,99.23,All Season,pomegranate
51,67,40,25.1,74.07,6.41,106.79,Kharif,soybean
25,71,17,24.38,64.92,6.5,50.79,Rabi,lentil
36,55,50,19.78,67.27,5.62,52.89,Kharif,groundnut
92,46,47,16.67,62.49,6.33,69.18,Rabi,wheat
17,67,18,31.15,49.12,5.43,197.26,Kharif,pigeonpeas
139,39,17,30.94,76.28,7.27,90.52,Kharif,cotton
34,53,25,28.51,57.39,7.03,68.82,Kharif,blackgram
42,67,41,22.98,69.53,7.38,140.1,Kharif,soybean
16,68,26,23.63,71.24,7.61,59.34,Rabi,lentil
20,73,24,31.45,54.34,6.24,142.12,Kharif,pigeonpeas
112,15,48,25.19,82.09,6.32,48.1,Zaid,watermelon
20,17,7,29.21,91.02,6.85,104.26,All Season,orange
76,52,12,18.89,56.64,6.57,116.19,Kharif,maize
13,64,22,32.0,63.43,6.2,49.02,Rabi,lentil
44,40,47,27.74,89.35,6.09,152.2,All Season,papaya
44,58,15,30.31,51.12,7.77,73.3,Kharif,blackgram
14,56,12,23.86,67.11,7.25,47.41,Rabi,lentil
19,13,8,22.89,92.59,6.77,105.58,All Season,orange
58,23,22,36.11,48.97,7.1,19.63,Kharif,millet
58,49,31,19.16,41.21,7.97,36.61,Rabi,barley
89,48,19,29.03,84.44,6.58,87.11,Kharif,cotton
39,46,46,23.17,47.31,6.52,85.67,Kharif,groundnut
72,53,51,27.24,84.21,7.07,190.14,Kharif,jute
113,61,43,29.89,76.59,5.88,135.52,All Season,banana
18,18,37,31.02,49.04,6.25,103.45,All Season,mango
117,101,90,27.76,68.08,6.8,92.84,Rabi,tomato
74,53,32,14.41,56.08,7.16,78.77,Rabi,wheat
78,33,39,12.92,56.91,7.08,27.94,Rabi,barley
106,15,46,31.51,88.96,6.2,56.51,Zaid,watermelon
124,47,117,16.82,75.36,5.88,75.95,Rabi,potato
24,157,176,21.7,85.19,6.13,71.76,All Season,grapes
17,33,23,32.24,47.99,5.42,146.72,All Season,mango
63,33,39,17.84,44.73,7.51,41.72,Rabi,mustard
43,59,49,33.94,100.0,6.85,91.7,All Season,papaya
37,68,65,18.05,44.7,8.35,63.32,Rabi,chickpea
68,35,38,16.08,44.35,6.73,37.67,Rabi,mustard
35,73,11,30.55,67.72,7.78,58.75,Kharif,blackgram
23,145,224,26.35,81.57,6.55,43.3,All Season,grapes
42,73,84,18.99,49.46,7.49,61.44,Rabi,chickpea
71,35,30,18.65,44.64,7.24,34.36,Rabi,barley
40,46,58,20.36,66.73,6.48,82.04,Kharif,groundnut
8,68,27,24.95,63.04,6.59,53.99,Rabi,lentil
8,13,27,29.76,94.77,6.45,135.96,All Season,coconut
48,48,41,11.08,43.85,7.17,40.98,Rabi,barley
32,75,15,16.01,54.2,5.64,114.92,Kharif,kidneybeans
20,12,9,22.17,91.64,6.64,99.0,All Season,orange
97,41,19,22.55,59.51,6.82,82.82,Kharif,maize
169,75,91,27.22,73.82,7.18,203.95,All Season,sugarcane
4,39,14,27.43,49.77,7.2,29.69,Kharif,mothbeans
79,37,5,23.9,71.33,5.32,66.82,Kharif,maize
45,36,80,19.62,50.55,6.89,81.29,Rabi,chickpea
22,56,25,29.52,43.77,5.03,146.38,Kharif,pigeonpeas
80,44,79,29.61,59.52,6.89,61.44,Rabi,tomato
106,17,28,23.69,60.87,6.93,170.13,All Season,coffee
80,32,42,19.46,83.07,6.99,212.76,Kharif,jute
50,72,14,36.54,66.17,7.04,79.57,Kharif,blackgram
15,61,24,17.24,57.21,6.07,94.74,Kharif,kidneybeans
140,45,20,25.02,95.73,7.57,93.02,Kharif,cotton
25,20,15,17.49,87.9,6.6,102.04,All Season,orange
22,37,15,28.49,59.62,6.67,49.17,Kharif,mothbeans
17,31,41,28.94,40.94,4.8,91.99,All Season,mango
149,78,88,28.22,69.56,7.02,176.68,All Season,sugarcane
17,61,16,25.78,53.45,7.14,50.3,Kharif,mothbeans
53,51,36,22.31,85.06,6.81,257.94,Kharif,rice
80,66,100,23.76,54.94,6.23,79.73,Rabi,tomato
9,23,25,30.96,46.6,6.17,89.24,All Season,mango
67,19,37,16.55,52.34,8.0,34.96,Rabi,mustard
26,63,14,18.87,62.91,5.54,112.17,Kharif,kidneybeans
21,50,24,29.78,51.85,6.7,58.12,Kharif,mothbeans
64,68,15,38.47,57.09,7.11,70.16,Kharif,blackgram
14,32,46,25.11,92.07,5.76,113.92,All Season,pomegranate
107,50,41,13.73,49.17,7.08,55.15,Rabi,wheat
55,41,24,25.55,68.59,6.86,94.29,Kharif,maize
65,43,25,22.86,54.93,6.96,72.97,Kharif,maize
108,70,120,17.41,65.65,5.63,53.96,Rabi,potato
80,57,83,22.24,69.12,5.88,74.53,Rabi,tomato
74,44,28,22.06,76.45,7.1,258.07,Kharif,rice
12,121,214,22.7,90.96,5.85,121.51,All Season,apple
30,65,54,29.82,58.27,6.21,70.68,Kharif,groundnut
17,16,13,22.56,92.95,6.95,132.77,All Season,orange
15,52,21,31.07,48.25,6.82,35.62,Kharif,mothbeans
21,22,29,33.26,95.2,6.42,199.86,All Season,coconut
127,74,129,14.43,67.17,5.14,59.98,Rabi,potato
93,25,73,21.06,67.69,6.12,56.55,Rabi,tomato
26,56,43,27.58,66.38,6.83,74.85,Kharif,groundnut
16,123,218,23.62,83.4,5.95,55.4,All Season,grapes
29,127,218,27.78,82.31,5.82,57.93,All Season,grapes
95,45,41,14.76,57.45,5.92,80.44,Rabi,wheat
100,68,41,27.79,79.82,6.28,216.05,Kharif,jute
6,44,17,31.09,38.61,4.3,164.28,Kharif,pigeonpeas
61,76,57,37.51,91.19,6.45,123.14,All Season,papaya
33,141,188,20.53,84.59,5.9,46.49,All Season,grapes
27,64,15,31.43,39.98,6.2,40.49,Kharif,mothbeans
18,37,14,27.45,88.08,7.07,43.03,Zaid,mungbean
61,48,22,24.72,66.24,6.32,70.1,Kharif,maize
16,16,8,21.81,92.48,7.02,124.2,All Season,orange
26,14,29,25.34,93.03,6.9,120.01,All Season,pomegranate
27,130,193,20.39,92.1,5.87,116.42,All Season,apple
21,44,23,26.78,85.27,7.17,51.42,Zaid,mungbean
54,67,46,35.21,91.25,6.99,146.84,All Season,papaya
97,48,83,30.28,69.37,5.81,34.86,Rabi,tomato
80,20,46,12.27,49.38,6.89,55.14,Rabi,mustard
65,52,106,16.29,56.86,5.96,39.72,Rabi,potato
21,45,23,20.75,59.51,6.02,112.35,Kharif,kidneybeans
40,92,41,23.54,65.13,5.87,98.54,Kharif,soybean
16,18,43,25.05,88.77,7.01,75.96,All Season,pomegranate
21,20,33,30.85,51.28,5.31,98.21,All Season,mango
24,33,28,24.71,36.12,7.04,40.57,Kharif,millet
13,124,173,25.62,96.75,5.77,107.34,All Season,apple
21,16,32,28.54,46.66,5.25,109.64,All Season,mango
81,57,12,16.87,54.32,7.13,75.07,Kharif,maize
67,42,47,24.82,79.35,6.61,232.91,Kharif,rice
36,35,26,23.58,45.97,8.06,15.99,Kharif,millet
12,88,24,19.41,62.25,5.37,88.51,Kharif,kidneybeans
25,17,10,24.79,90.29,6.29,123.51,All Season,orange
44,55,45,36.32,91.32,5.98,141.39,All Season,papaya
33,71,50,27.12,75.33,6.55,105.95,Kharif,soybean
63,28,24,15.12,52.28,7.85,35.89,Rabi,barley
25,59,29,30.73,59.98,6.51,38.12,Kharif,mothbeans
18,28,31,32.88,51.41,5.19,76.23,All Season,mango
20,17,8,21.36,90.13,6.99,67.61,All Season,orange
28,77,20,28.49,54.45,5.91,172.6,Kharif,pigeonpeas
18,70,17,25.26,44.49,5.56,158.99,Kharif,pigeonpeas
115,42,122,18.35,73.91,5.24,70.79,Rabi,potato
44,75,19,26.58,69.24,6.78,75.86,Kharif,soybean
82,46,43,12.62,37.61,7.45,37.68,Rabi,barley
32,43,54,28.37,63.64,6.66,90.2,Kharif,soybean
15,75,12,25.9,51.58,5.48,144.1,Kharif,pigeonpeas
104,61,108,13.56,58.7,5.19,63.03,Rabi,potato
12,58,20,27.56,44.53,5.56,167.4,Kharif,pigeonpeas
109,74,140,15.93,60.3,5.63,49.38,Rabi,potato
13,21,33,21.15,96.27,6.8,121.53,All Season,pomegranate
85,38,11,27.49,79.68,5.79,87.16,Kharif,cotton
81,7,58,21.71,84.49,6.8,44.65,Zaid,watermelon
3,158,207,23.59,92.08,5.97,101.95,All Season,apple
28,68,42,25.35,70.67,6.71,80.95,Kharif,groundnut
15,65,23,22.2,63.21,7.08,25.58,Rabi,lentil
19,22,41,25.73,89.8,6.33,116.88,All Season,pomegranate
57,47,29,28.24,35.51,6.52,62.03,Kharif,millet
69,82,66,15.49,47.89,7.52,88.23,Rabi,chickpea
24,42,15,28.47,86.05,7.87,46.16,Zaid,mungbean
49,69,55,34.07,88.59,6.13,145.26,All Season,papaya
3,16,8,19.61,90.26,6.71,109.64,All Season,orange
92,45,15,15.61,59.97,6.39,67.23,Kharif,maize
105,43,118,18.82,67.11,5.49,52.32,Rabi,potato
27,67,46,25.73,78.91,6.57,91.02,Kharif,soybean
92,70,136,22.99,70.89,6.09,49.35,Rabi,potato
62,29,25,21.49,39.79,7.19,39.14,Rabi,barley
13,10,41,22.64,96.06,5.89,125.32,All Season,pomegranate
131,64,80,30.35,80.48,7.25,162.95,All Season,sugarcane
17,76,16,27.43,58.01,6.35,51.87,Rabi,lentil
47,36,7,35.65,41.06,7.07,38.79,Kharif,millet
38,62,17,31.74,73.47,6.85,69.19,Kharif,blackgram
103,46,93,18.23,69.95,5.33,46.05,Rabi,potato
60,36,32,18.8,52.94,6.91,30.74,Rabi,barley
38,60,12,15.3,59.92,5.14,97.55,Kharif,kidneybeans
9,70,25,16.86,57.02,5.98,105.25,Kharif,kidneybeans
68,43,44,14.76,57.56,6.7,38.35,Rabi,barley
57,67,37,22.97,67.61,6.38,130.72,Kharif,soybean
27,74,86,17.06,48.49,7.4,71.92,Rabi,chickpea
27,20,32,23.07,92.47,5.53,115.25,All Season,coconut
18,19,31,23.73,96.18,5.56,203.88,All Season,coconut
56,43,36,13.28,44.06,7.37,22.48,Rabi,barley
21,91,195,23.95,93.54,6.26,105.73,All Season,apple
47,88,13,28.98,66.39,7.41,61.29,Kharif,blackgram
137,60,72,22.88,80.78,6.82,182.68,All Season,sugarcane
12,38,26,28.03,85.82,7.0,54.96,Zaid,mungbean
33,55,46,21.81,59.35,6.08,56.63,Kharif,groundnut
29,22,33,35.5,42.52,5.63,117.84,All Season,mango
41,67,17,29.07,55.71,7.21,67.52,Kharif,blackgram
80,57,38,25.42,79.13,7.02,156.0,Kharif,jute
99,10,47,29.77,86.48,6.49,69.76,Zaid,watermelon
65,56,37,14.47,41.05,6.82,27.07,Rabi,barley
76,60,44,13.02,44.57,7.7,39.14,Rabi,mustard
63,76,86,30.0,66.82,6.58,59.79,Rabi,tomato
109,65,40,26.13,81.6,6.59,63.05,All Season,banana
21,64,19,28.44,42.04,5.29,115.29,Kharif,pigeonpeas
106,31,15,24.9,58.69,7.31,159.29,All Season,coffee
21,30,28,33.24,46.19,4.74,86.52,All Season,mango
55,55,55,28.64,91.52,6.93,161.11,All Season,papaya
55,55,50,32.03,92.92,7.32,166.81,All Season,papaya
25,27,34,29.89,55.99,5.95,81.41,All Season,mango
128,51,85,32.66,74.11,6.76,204.44,All Season,sugarcane
28,65,44,29.99,54.28,6.78,57.96,Kharif,groundnut
20,108,196,25.98,89.12,5.52,64.48,All Season,grapes
17,150,202,21.01,95.12,5.57,114.42,All Season,apple
117,64,92,27.7,66.77,5.48,53.24,Rabi,tomato
29,74,36,21.6,81.76,7.04,95.81,Kharif,soybean
89,20,20,25.67,55.77,7.19,121.92,All Season,coffee
131,56,73,28.5,81.45,6.96,132.22,All Season,sugarcane
20,15,9,22.47,91.79,7.44,121.46,All Season,orange
22,15,29,27.73,48.99,6.29,101.1,All Season,mango
3,81,18,21.06,62.58,5.29,90.81,Kharif,kidneybeans
29,65,39,33.68,91.31,6.96,148.3,All Season,papaya
96,61,19,15.71,60.75,7.15,84.59,Kharif,maize
49,41,45,13.59,49.46,6.79,36.44,Rabi,barley
103,68,34,17.4,65.62,6.35,92.19,Rabi,wheat
66,38,39,14.96,56.29,7.68,47.45,Rabi,mustard
129,53,41,17.02,55.09,6.16,43.4,Rabi,wheat
73,27,23,18.53,65.42,6.64,109.49,Kharif,maize
74,39,30,21.94,65.86,6.78,85.78,Kharif,maize
20,50,47,27.79,56.77,6.77,66.47,Kharif,groundnut
157,52,18,23.84,77.7,6.95,79.73,Kharif,cotton
9,22,28,33.2,51.14,6.6,74.29,All Season,mango
14,48,20,25.48,84.8,6.86,51.6,Zaid,mungbean
18,19,31,28.65,53.76,6.9,79.27,All Season,mango
163,52,68,26.46,89.9,6.61,151.87,All Season,sugarcane
19,145,206,20.95,77.24,5.42,71.86,All Season,grapes
65,24,37,16.75,30.85,7.5,31.67,Rabi,barley
14,78,20,24.47,70.07,7.14,59.47,Rabi,lentil
30,80,14,25.15,67.28,6.77,71.86,Kharif,blackgram
114,86,57,25.83,76.87,5.48,105.68,All Season,banana
27,24,28,27.21,46.02,6.06,95.15,All Season,mango
66,46,53,38.14,95.06,7.03,157.29,All Season,papaya
177,58,85,25.67,77.98,6.22,214.12,All Season,sugarcane
29,77,19,18.96,44.86,5.38,143.23,Kharif,kidneybeans
30,146,199,19.41,77.9,6.11,73.71,All Season,grapes
100,19,51,26.97,86.93,5.79,57.17,Zaid,watermelon
111,66,16,23.35,54.16,7.04,49.4,Rabi,wheat
109,59,22,26.48,85.93,7.16,97.11,Kharif,cotton
65,38,39,14.46,49.1,7.34,49.59,Rabi,barley
26,53,22,28.2,55.49,7.6,48.58,Kharif,mothbeans
71,86,87,24.26,57.85,6.6,81.44,Rabi,tomato
24,6,19,29.45,93.16,5.6,213.83,All Season,coconut
62,42,24,24.25,63.33,6.32,77.95,Kharif,maize
49,21,27,32.68,34.97,7.48,65.39,Kharif,millet
16,26,25,15.59,90.46,6.22,108.12,All Season,pomegranate
95,48,70,26.1,65.6,6.82,54.45,Rabi,tomato
95,67,34,13.56,45.66,6.84,45.79,Rabi,wheat
44,85,83,18.02,45.0,6.8,89.07,Rabi,chickpea
18,21,29,19.57,89.64,7.16,106.29,All Season,pomegranate
119,70,106,17.75,66.9,5.36,63.61,Rabi,potato
30,35,14,25.43,85.23,6.87,55.4,Zaid,mungbean
20,152,199,20.62,84.13,5.84,54.91,All Season,grapes
100,47,20,24.77,66.63,6.98,90.17,Kharif,maize
89,19,59,21.12,84.52,6.61,49.78,Zaid,watermelon
103,29,107,26.24,67.71,5.64,58.72,Rabi,tomato
102,54,32,16.26,49.69,6.53,90.68,Rabi,wheat
43,52,50,32.98,91.44,7.24,181.05,All Season,papaya
76,55,84,25.68,48.76,6.11,57.84,Rabi,tomato
57,70,56,32.77,88.58,5.82,136.03,All Season,papaya
111,69,30,22.18,57.51,6.32,64.16,Rabi,wheat
56,42,21,27.43,35.19,6.57,44.03,Kharif,millet
30,56,83,18.68,45.2,7.0,76.54,Rabi,chickpea
18,22,51,24.89,84.46,6.58,120.76,All Season,pomegranate
24,138,200,25.39,89.99,5.67,112.49,All Season,apple
12,60,20,30.85,85.09,6.36,55.51,Zaid,mungbean
116,58,136,19.08,71.55,4.79,56.54,Rabi,potato
17,18,22,24.54,40.9,5.38,61.77,Kharif,mothbeans
10,47,11,16.61,52.1,6.29,94.48,Kharif,kidneybeans
101,49,31,27.11,61.31,6.69,190.45,All Season,coffee
40,70,15,28.24,66.38,6.65,72.2,Kharif,blackgram
112,20,52,23.62,84.4,6.47,56.3,Zaid,watermelon
46,41,21,34.71,33.74,6.4,61.01,Kharif,millet
12,84,24,31.07,45.22,5.73,114.17,Kharif,pigeonpeas
75,40,46,24.87,73.0,5.93,143.09,Kharif,jute
114,55,140,14.57,66.88,5.24,50.84,Rabi,potato
9,43,25,27.56,82.11,7.07,44.69,Zaid,mungbean
167,61,86,29.36,92.88,6.23,138.87,All Season,sugarcane
52,73,37,23.75,70.6,7.18,86.98,Kharif,soybean
25,61,47,23.5,50.48,6.43,51.14,Kharif,groundnut
75,51,30,12.81,52.04,6.59,48.28,Rabi,mustard
102,46,25,22.96,68.54,6.81,77.59,Kharif,cotton
28,40,26,29.09,84.86,7.7,37.44,Zaid,mungbean
100,29,38,26.68,60.0,6.42,174.88,All Season,coffee
109,8,47,25.22,87.09,5.41,52.46,Zaid,watermelon
107,45,18,22.44,62.88,6.9,55.91,Kharif,maize
58,79,19,23.09,62.83,8.18,65.23,Kharif,blackgram
82,83,65,32.16,94.73,5.64,160.48,All Season,banana
132,43,105,16.74,68.59,5.71,60.21,Rabi,potato
17,49,16,26.99,48.88,6.08,53.75,Kharif,mothbeans
36,74,69,18.74,43.95,7.39,74.46,Rabi,chickpea
84,47,25,22.34,52.59,7.13,68.7,Kharif,maize
48,50,58,30.51,91.92,6.82,176.44,All Season,papaya
55,50,25,16.93,45.32,7.69,34.86,Rabi,mustard
29,58,24,26.82,46.52,6.49,54.35,Kharif,mothbeans
14,26,26,28.24,54.18,6.07,119.18,All Season,mango
33,61,15,28.84,61.19,7.18,72.32,Kharif,blackgram
36,67,29,23.34,76.55,5.9,108.26,Kharif,soybean
19,59,58,17.47,62.14,6.44,56.1,Kharif,groundnut
74,53,36,13.27,44.96,7.57,43.13,Rabi,barley
40,51,50,33.93,97.8,6.85,74.91,All Season,papaya
73,47,53,22.08,80.62,6.88,189.26,Kharif,jute
12,69,20,20.97,70.37,6.01,39.22,Rabi,lentil
22,65,16,22.62,65.1,5.55,92.76,Kharif,kidneybeans
19,47,19,31.86,46.54,6.42,64.44,Kharif,mothbeans
115,27,52,27.4,89.35,6.39,52.62,Zaid,watermelon
42,48,52,33.37,91.72,7.26,156.33,All Season,papaya
56,47,47,31.15,66.92,5.72,67.95,Kharif,groundnut
28,21,29,29.84,43.68,5.64,117.15,All Season,mango
56,29,25,34.14,47.58,5.65,39.28,Kharif,millet
25,53,32,25.9,50.51,6.58,58.49,Kharif,groundnut
23,65,17,30.91,39.46,5.31,140.06,Kharif,pigeonpeas
82,34,46,20.2,42.73,7.13,38.13,Rabi,mustard
16,12,10,22.12,94.47,6.77,141.43,All Season,orange
47,42,20,23.01,57.81,7.13,69.41,Kharif,maize
25,125,216,19.92,83.19,5.38,72.05,All Season,grapes
69,43,43,12.59,45.09,8.37,34.37,Rabi,barley
27,13,23,35.61,97.15,5.89,201.77,All Season,coconut
63,58,66,19.56,49.33,7.21,101.8,Rabi,chickpea
14,24,36,17.34,81.9,6.9,117.25,All Season,pomegranate
90,51,26,24.65,64.03,5.89,81.24,Kharif,maize
19,33,18,31.82,43.84,6.27,53.52,Kharif,mothbeans
67,34,38,23.51,82.58,6.68,192.28,Kharif,jute
92,51,24,25.78,75.74,7.14,134.23,Kharif,jute
95,21,42,23.28,81.17,6.53,39.92,Zaid,watermelon
85,88,58,29.84,80.44,5.43,123.56,All Season,banana
100,48,101,24.3,59.96,6.12,65.41,Rabi,tomato
85,45,44,23.65,75.51,6.76,220.88,Kharif,jute
98,32,35,24.01,82.23,6.22,248.69,Kharif,rice
91,74,79,22.34,71.84,6.94,185.94,All Season,sugarcane
53,71,16,27.15,62.95,6.7,68.57,Kharif,blackgram
92,42,24,24.91,52.21,6.26,196.78,All Season,coffee
23,56,20,29.81,57.17,6.24,169.02,Kharif,pigeonpeas
45,34,27,29.22,40.35,6.78,39.22,Kharif,millet
65,43,15,22.89,76.37,6.66,80.46,Kharif,maize
54,51,48,30.8,55.25,5.95,45.44,Kharif,groundnut
53,70,46,36.93,96.29,7.13,126.1,All Season,papaya
105,23,28,27.8,64.77,6.34,119.83,All Season,coffee
99,12,46,21.38,85.51,6.92,39.83,Zaid,watermelon
23,23,39,28.89,56.39,5.89,100.04,All Season,mango
31,5,38,26.98,90.59,6.7,109.5,All Season,pomegranate
99,78,85,22.71,63.39,6.59,71.19,Rabi,tomato
33,28,40,22.96,95.54,6.34,98.15,All Season,pomegranate
58,73,17,25.72,67.36,7.43,60.42,Kharif,blackgram
19,17,24,23.21,97.99,6.59,117.14,All Season,pomegranate
23,50,26,30.71,89.38,6.83,34.11,Zaid,mungbean
5,71,10,19.83,48.47,6.3,123.23,Kharif,kidneybeans
83,40,28,22.38,76.59,7.07,256.45,Kharif,rice
79,36,45,20.65,53.63,7.6,33.53,Rabi,mustard
26,73,22,30.77,60.92,6.55,65.54,Kharif,groundnut
92,57,113,21.53,66.89,6.32,53.96,Rabi,tomato
104,59,89,29.14,73.3,6.94,171.77,All Season,sugarcane
59,37,27,30.36,34.4,6.42,32.31,Kharif,millet
39,56,43,30.13,55.76,6.65,56.74,Kharif,groundnut
79,64,48,22.42,91.69,6.69,209.6,Kharif,jute
17,70,17,19.87,74.37,6.95,59.31,Rabi,lentil
27,49,29,31.28,49.08,6.81,51.43,Kharif,mothbeans
28,52,47,28.13,52.6,6.25,44.86,Kharif,groundnut
103,45,48,26.89,73.58,5.63,120.19,All Season,banana
75,55,37,20.87,78.78,6.36,188.47,Kharif,jute
18,13,39,21.65,90.74,6.66,92.41,All Season,pomegranate
13,150,182,17.14,98.84,5.34,116.01,All Season,apple
10,148,186,19.65,91.9,6.07,115.65,All Season,apple
95,12,48,25.13,64.61,6.3,183.01,All Season,coffee
65,46,40,23.26,77.75,6.61,197.38,Kharif,jute
20,145,200,26.26,74.8,4.43,73.01,All Season,grapes
67,42,26,15.67,86.96,7.03,89.02,Kharif,maize
78,20,47,24.29,85.07,6.52,59.75,Zaid,watermelon
21,105,199,23.29,92.0,5.67,95.66,All Season,apple
75,45,44,16.62,37.76,7.65,21.98,Rabi,mustard
93,33,104,21.72,64.08,6.43,89.54,Rabi,tomato
92,60,105,19.62,68.88,5.43,65.09,Rabi,potato
21,57,12,25.58,55.15,6.28,156.08,Kharif,pigeonpeas
27,62,20,26.41,56.04,6.25,76.65,Kharif,blackgram
22,74,23,25.5,82.41,6.39,27.89,Rabi,lentil
18,58,19,29.27,47.94,5.95,195.34,Kharif,pigeonpeas
124,56,84,32.39,86.81,6.9,138.86,All Season,sugarcane
34,42,18,29.02,67.34,7.04,64.16,Kharif,blackgram
111,21,33,26.19,58.59,6.6,142.15,All Season,coffee
18,18,25,35.3,33.83,7.04,38.24,Kharif,millet
68,67,123,19.65,69.71,5.82,68.55,Rabi,potato
29,69,10,17.21,54.98,5.79,103.87,Kharif,kidneybeans
24,69,19,23.9,49.4,5.42,95.25,Kharif,pigeonpeas
79,35,34,24.12,77.7,6.25,260.19,Kharif,rice
151,41,52,26.48,80.59,6.93,181.43,All Season,sugarcane
18,51,22,27.9,52.66,7.01,49.23,Kharif,mothbeans
21,71,20,21.54,48.96,6.91,141.0,Kharif,pigeonpeas
101,17,51,22.39,83.09,6.5,48.85,Zaid,watermelon
74,43,32,18.0,38.71,7.51,42.7,Rabi,mustard
92,25,39,22.63,82.45,6.16,48.12,Zaid,watermelon
18,56,21,25.25,52.96,7.19,49.74,Kharif,mothbeans
84,37,102,23.16,60.18,6.18,94.2,Rabi,tomato
2,157,211,28.62,96.63,6.53,128.52,All Season,apple
87,20,48,30.37,87.2,6.31,50.7,Zaid,watermelon
7,16,6,23.31,88.2,6.41,139.39,All Season,orange
17,47,14,20.71,54.2,7.1,55.14,Kharif,mothbeans
37,43,31,24.73,60.37,6.21,63.03,Kharif,groundnut
25,123,178,18.71,87.18,6.3,85.44,All Season,apple
66,39,27,27.1,32.51,6.73,48.25,Kharif,millet
6,55,18,17.59,58.78,5.48,148.3,Kharif,kidneybeans
107,37,23,23.33,79.4,7.04,85.18,Kharif,cotton
88,63,45,27.58,86.37,5.46,97.6,All Season,banana
28,50,55,31.18,51.12,6.6,61.97,Kharif,groundnut
19,26,29,22.98,86.89,6.2,95.95,All Season,pomegranate
34,68,21,21.73,49.02,6.21,109.05,Kharif,kidneybeans
52,54,54,35.34,96.45,7.09,154.88,All Season,papaya
134,35,117,32.2,67.29,6.63,154.1,All Season,sugarcane
30,73,23,30.51,71.92,6.61,73.62,Kharif,blackgram
102,53,29,28.15,73.08,7.33,68.46,Kharif,cotton
79,35,48,24.33,63.31,6.83,73.92,Rabi,wheat
99,51,34,27.88,82.58,6.87,232.03,Kharif,rice
16,47,21,34.48,43.93,7.38,63.68,Kharif,mothbeans
12,54,21,21.4,54.08,5.72,231.08,Kharif,pigeonpeas
102,51,98,15.41,58.32,6.07,59.73,Rabi,potato
72,43,41,20.38,74.96,6.11,223.6,Kharif,rice
15,15,31,26.32,100.0,5.66,211.08,All Season,coconut
31,21,38,22.83,95.07,6.09,98.22,All Season,pomegranate
36,52,24,27.49,64.65,7.28,70.4,Kharif,blackgram
23,16,33,20.37,89.92,6.94,78.99,All Season,pomegranate
67,44,43,22.59,77.89,6.5,237.35,Kharif,rice
24,55,31,34.62,82.75,7.35,51.83,Zaid,mungbean
60,36,25,12.9,48.26,7.4,32.53,Rabi,barley
48,57,39,21.92,72.8,6.79,82.37,Kharif,soybean
60,40,39,14.12,56.23,6.24,31.77,Rabi,mustard
80,64,48,24.86,82.09,5.91,104.21,All Season,banana
16,36,21,25.67,53.61,6.56,30.63,Kharif,mothbeans
20,152,214,25.09,75.88,5.98,62.52,All Season,grapes
93,22,19,26.93,49.98,6.5,172.81,All Season,coffee
8,77,31,23.78,70.98,6.76,103.51,Kharif,soybean
88,11,41,26.9,84.31,5.83,55.58,Zaid,watermelon
92,48,51,23.34,95.6,6.65,204.29,Kharif,rice
56,28,24,35.71,42.53,6.78,47.72,Kharif,millet
75,43,12,24.14,61.27,5.92,33.3,Kharif,maize
108,63,91,24.91,59.78,6.41,66.16,Rabi,tomato
70,46,33,17.69,66.78,6.73,104.54,Kharif,maize
81,39,21,27.79,50.56,7.04,204.65,All Season,coffee
100,13,51,21.87,81.42,6.76,40.64,Zaid,watermelon
8,13,28,31.94,43.91,5.26,106.23,All Season,mango
18,115,162,19.48,96.19,5.74,109.65,All Season,apple
25,60,17,26.81,61.64,6.9,48.99,Rabi,lentil
83,25,21,32.56,49.8,6.8,186.68,All Season,coffee
46,92,68,19.98,39.44,7.52,66.22,Rabi,chickpea
103,18,51,27.07,85.42,6.5,62.77,Zaid,watermelon
124,63,29,22.27,81.07,6.19,95.24,Kharif,cotton
12,17,5,24.61,94.4,6.17,138.4,All Season,orange
62,30,33,18.48,43.54,7.79,28.55,Rabi,barley
27,15,13,26.2,93.71,7.25,118.11,All Season,orange
22,26,23,23.47,91.44,6.48,228.38,All Season,coconut
102,52,41,25.7,76.42,6.08,100.79,All Season,banana
18,4,33,27.3,98.84,6.15,131.34,All Season,coconut
20,136,197,27.09,75.78,5.4,71.77,All Season,grapes
41,70,16,28.9,72.79,5.97,93.82,Kharif,soybean
70,48,23,17.88,48.93,6.22,63.03,Kharif,maize
10,141,205,20.27,75.78,6.61,86.57,All Season,grapes
27,64,25,23.92,73.63,6.89,52.07,Rabi,lentil
84,47,15,23.54,56.75,7.09,76.64,Kharif,maize
110,24,51,24.83,78.38,6.47,59.03,Zaid,watermelon
18,69,18,21.78,45.67,5.65,165.84,Kharif,pigeonpeas
61,31,29,32.25,34.59,6.56,38.79,Kharif,millet
143,46,11,25.1,76.32,7.33,92.93,Kharif,cotton
23,132,185,24.07,87.49,6.18,69.97,All Season,grapes
61,64,40,33.28,99.46,6.74,134.42,All Season,papaya
23,18,7,24.67,96.14,6.95,146.53,All Season,orange
30,58,79,17.01,49.09,7.89,71.3,Rabi,chickpea
102,85,78,18.96,72.28,6.02,57.11,Rabi,potato
18,18,25,31.17,50.43,6.76,96.63,All Season,mango
46,61,82,19.54,43.59,6.99,69.64,Rabi,chickpea
28,123,213,28.03,96.55,5.94,106.73,All Season,apple
33,41,43,26.21,50.61,6.65,71.92,Kharif,groundnut
13,32,22,27.56,55.28,7.15,55.19,Kharif,mothbeans
85,47,116,23.46,61.78,6.62,75.97,Rabi,tomato
14,70,22,27.39,57.44,8.0,52.67,Rabi,lentil
76,17,59,25.05,79.18,6.84,67.66,Zaid,watermelon
29,45,24,33.11,60.87,6.25,48.96,Kharif,mothbeans
112,54,130,16.95,56.62,5.41,55.07,Rabi,potato
113,58,98,20.96,58.29,6.54,94.5,Rabi,tomato
23,26,34,27.68,48.14,6.62,96.37,All Season,mango
139,43,89,28.9,78.5,6.74,140.96,All Season,sugarcane
18,49,24,29.7,47.73,7.17,44.35,Kharif,mothbeans
94,67,53,25.94,82.4,5.47,99.22,All Season,banana
113,72,47,28.51,84.48,6.24,124.8,All Season,banana
49,61,37,27.23,83.35,6.72,82.71,Kharif,soybean
118,36,5,28.05,83.4,7.16,69.47,Kharif,cotton
15,81,23,26.14,54.01,5.55,130.45,Kharif,pigeonpeas
18,10,40,25.43,87.7,6.56,120.77,All Season,pomegranate
56,44,22,22.82,44.89,7.08,34.68,Kharif,millet
47,26,31,18.6,46.38,7.52,37.22,Rabi,barley
83,46,50,18.94,44.36,6.96,30.96,Rabi,mustard
77,31,26,15.05,50.56,7.46,37.31,Rabi,barley
106,42,26,27.44,60.58,7.32,172.51,All Season,coffee
36,76,19,31.98,75.6,7.52,69.12,Kharif,blackgram
21,34,17,30.86,81.3,5.69,45.73,Zaid,mungbean
27,58,39,28.2,65.54,6.87,92.34,Kharif,soybean
54,60,41,23.89,77.71,5.89,191.31,Kharif,jute
24,54,13,24.29,82.52,6.44,55.53,Zaid,mungbean
86,33,34,22.36,50.84,6.8,202.89,All Season,coffee
148,42,106,27.19,76.47,7.08,174.77,All Season,sugarcane
73,31,36,24.72,76.46,6.97,200.44,Kharif,jute
25,39,17,27.23,78.32,6.57,55.33,Zaid,mungbean
22,58,21,35.15,64.41,7.23,79.43,Kharif,blackgram
100,38,57,22.19,85.02,6.41,150.31,Kharif,jute
98,73,111,17.73,64.1,6.17,47.13,Rabi,potato
77,73,54,15.78,52.67,6.71,70.02,Rabi,wheat
30,20,33,28.94,93.6,5.98,148.63,All Season,coconut
62,40,40,21.59,45.1,7.52,35.38,Rabi,mustard
109,20,20,26.89,68.49,6.4,188.65,All Season,coffee
18,57,28,26.99,57.09,6.22,61.06,Kharif,mothbeans
31,53,21,17.26,52.76,5.45,92.84,Kharif,kidneybeans
102,46,43,26.2,71.03,5.54,64.38,All Season,banana
5,19,55,20.74,89.2,6.52,99.62,All Season,pomegranate
120,72,63,26.93,84.65,5.11,152.38,All Season,banana
43,29,33,37.68,43.56,5.67,44.97,Kharif,millet
31,64,6,19.1,55.65,5.4,94.7,Kharif,kidneybeans
11,20,27,21.92,84.41,6.58,94.13,All Season,pomegranate
29,76,68,20.47,47.78,6.61,69.84,Rabi,chickpea
39,50,70,16.29,46.24,7.33,69.17,Rabi,chickpea
52,34,36,13.42,49.17,7.69,39.29,Rabi,barley
68,24,36,14.7,49.24,7.24,38.5,Rabi,mustard
19,64,19,28.44,83.57,7.14,67.6,Zaid,mungbean
85,40,38,18.5,42.55,6.8,36.6,Rabi,barley
59,58,19,24.65,57.5,5.72,99.72,Kharif,maize
100,14,43,28.47,80.41,6.14,39.76,Zaid,watermelon
60,34,36,19.33,36.76,7.51,51.7,Rabi,barley
47,67,77,18.86,48.28,6.83,96.71,Rabi,chickpea
20,40,21,33.59,59.25,5.64,112.19,All Season,mango
41,43,53,27.47,53.31,6.78,59.73,Kharif,groundnut
33,21,10,25.4,86.47,8.26,99.88,All Season,orange
12,45,18,30.08,53.27,7.11,60.44,Kharif,mothbeans
16,13,11,17.99,87.15,7.01,110.1,All Season,orange
77,65,28,21.04,60.78,6.73,67.03,Kharif,maize
11,10,9,22.32,95.18,7.38,121.39,All Season,orange
97,85,41,26.17,70.35,5.47,140.15,All Season,banana
142,10,41,26.3,93.67,6.17,48.14,Zaid,watermelon
15,73,22,18.23,52.08,5.67,87.07,Kharif,kidneybeans
72,45,47,26.26,77.52,6.65,165.77,Kharif,jute
55,65,44,23.09,78.16,7.53,77.75,Kharif,soybean
92,39,40,22.81,84.39,6.53,261.13,Kharif,rice
17,57,20,23.85,57.73,7.63,38.78,Rabi,lentil
17,55,27,29.54,59.5,6.97,38.2,Rabi,lentil
31,45,17,29.32,69.29,6.54,49.76,Kharif,blackgram
17,142,202,14.97,83.61,6.16,69.84,All Season,grapes
81,33,37,15.49,52.2,7.86,36.54,Rabi,barley
126,56,84,26.77,76.42,7.38,131.44,All Season,sugarcane
27,124,171,22.22,83.53,6.41,55.54,All Season,grapes
90,38,22,24.12,72.42,7.88,92.06,Kharif,maize
18,18,33,29.15,96.18,6.0,156.61,All Season,coconut
12,120,187,20.41,90.61,6.0,128.28,All Season,apple
23,48,12,32.27,49.33,7.05,33.24,Kharif,mothbeans
60,63,54,24.35,77.75,6.94,190.12,Kharif,jute
8,71,20,22.46,57.09,7.64,49.91,Rabi,lentil
43,63,40,23.37,71.18,6.53,91.86,Kharif,soybean
77,30,30,13.17,32.68,7.46,42.48,Rabi,barley
71,39,49,23.46,80.99,6.76,144.72,Kharif,jute
118,68,93,26.2,68.75,6.14,184.66,All Season,sugarcane
42,67,14,29.86,57.6,7.66,51.73,Kharif,blackgram
106,67,89,25.78,70.5,6.63,127.53,All Season,sugarcane
23,10,45,21.1,92.93,6.71,132.12,All Season,pomegranate
53,61,45,32.21,92.66,7.68,150.13,All Season,papaya
65,42,40,22.74,74.25,6.43,198.13,Kharif,rice
56,62,44,31.81,87.36,6.36,191.65,All Season,papaya
26,27,24,35.97,45.97,4.72,104.17,All Season,mango
20,55,52,24.57,50.64,6.43,67.15,Kharif,groundnut
108,53,12,22.75,70.94,6.55,91.96,Kharif,cotton
38,84,38,36.55,93.91,6.23,139.49,All Season,papaya
87,24,51,27.59,79.21,6.98,63.81,Zaid,watermelon
79,48,33,18.69,39.61,7.1,42.45,Rabi,mustard
51,42,30,13.05,48.8,6.98,23.34,Rabi,barley
34,127,219,24.41,77.8,6.74,81.49,All Season,grapes
81,45,29,27.44,83.32,6.43,194.51,Kharif,jute
41,103,83,18.02,50.53,7.49,86.3,Rabi,chickpea
89,44,43,12.9,43.32,6.96,55.92,Rabi,mustard
63,47,29,23.15,85.71,6.72,122.07,Kharif,jute
16,167,189,25.68,95.25,6.03,100.63,All Season,apple
48,54,88,22.64,38.26,6.93,95.26,Rabi,chickpea
21,62,17,25.36,57.82,6.72,36.4,Rabi,lentil
22,35,31,29.25,54.96,5.12,73.37,All Season,mango
35,55,42,35.05,88.27,6.67,163.55,All Season,papaya
53,58,49,36.13,98.25,6.8,158.98,All Season,papaya
31,57,44,22.03,62.56,6.63,61.46,Kharif,soybean
92,75,100,26.37,62.28,5.84,38.88,Rabi,tomato
30,137,178,23.7,93.16,5.66,123.02,All Season,apple
72,45,32,22.89,83.89,6.7,202.34,Kharif,rice
86,57,49,23.84,74.88,6.68,150.26,Kharif,jute
26,59,24,28.95,51.61,6.51,69.65,Kharif,mothbeans
13,11,38,21.42,90.51,6.28,117.5,All Season,pomegranate
101,56,49,15.21,57.21,6.44,65.43,Rabi,wheat
23,21,30,34.1,92.99,6.7,173.86,All Season,coconut
72,63,18,27.06,74.69,6.02,71.5,All Season,banana
40,60,20,29.35,59.36,7.63,79.15,Kharif,blackgram
123,44,108,21.75,68.95,6.68,120.99,All Season,sugarcane
23,65,96,18.85,46.38,6.8,70.75,Rabi,chickpea
36,64,87,19.64,46.9,7.49,56.97,Rabi,chickpea
17,16,39,28.64,91.56,5.59,157.72,All Season,coconut
95,76,60,24.41,75.34,5.23,93.02,All Season,banana
25,71,11,17.6,55.33,5.73,82.4,Kharif,kidneybeans
20,53,28,24.74,56.86,6.01,108.51,Kharif,kidneybeans
20,101,203,23.65,92.77,4.71,89.92,All Season,apple
97,57,151,15.33,77.96,6.14,59.76,Rabi,potato
41,46,42,18.7,71.85,6.36,110.29,Kharif,soybean
21,27,38,34.11,42.98,5.21,106.58,All Season,mango
17,21,33,35.68,54.09,6.26,84.59,All Season,mango
63,22,18,26.02,78.71,5.89,93.94,Kharif,maize
23,46,25,20.63,63.61,5.83,127.03,Kharif,kidneybeans
125,39,12,21.21,76.05,7.16,101.14,Kharif,cotton
27,36,22,30.06,41.53,6.85,46.38,Kharif,mothbeans
82,39,32,26.34,80.69,6.38,134.42,Kharif,jute
84,23,47,20.78,45.11,7.29,30.87,Rabi,mustard
19,32,44,27.0,49.53,5.21,126.84,All Season,mango
49,55,55,25.53,64.7,6.5,70.34,Kharif,soybean
90,40,29,20.29,86.18,6.32,165.59,Kharif,jute
16,22,24,25.34,94.31,6.44,104.6,All Season,pomegranate
133,48,36,16.71,46.93,6.23,49.94,Rabi,wheat
114,55,23,21.05,74.75,6.77,93.66,Kharif,cotton
81,56,35,18.33,51.39,7.55,38.31,Rabi,mustard
75,46,25,24.4,44.42,6.83,88.51,Kharif,maize
85,65,95,24.93,62.2,6.55,66.33,Rabi,tomato
74,38,37,15.02,49.53,6.37,23.64,Rabi,barley
140,48,95,19.38,64.45,5.8,51.13,Rabi,potato
44,30,25,23.65,45.92,6.86,61.33,Kharif,millet
84,76,64,30.2,81.55,5.87,109.38,All Season,banana
23,20,13,22.42,94.45,6.81,93.88,All Season,orange
89,20,40,27.9,48.66,6.49,164.16,All Season,coffee
47,76,84,18.85,49.04,7.54,74.69,Rabi,chickpea
25,17,31,25.63,100.0,7.14,167.34,All Season,coconut
19,137,186,19.57,86.87,6.29,70.39,All Season,grapes
183,51,94,34.79,79.74,6.65,158.32,All Season,sugarcane
19,60,18,32.6,52.81,6.23,114.59,Kharif,pigeonpeas
17,17,31,28.06,90.44,6.04,132.91,All Season,coconut
94,73,78,23.68,51.81,5.62,76.35,Rabi,tomato
38,71,63,25.49,68.2,6.67,96.44,Kharif,soybean
100,11,51,20.44,89.39,6.52,45.59,Zaid,watermelon
45,65,47,28.68,90.75,6.27,149.28,All Season,papaya
14,66,24,27.32,62.67,7.03,33.21,Kharif,blackgram
71,60,88,22.47,64.12,6.48,74.4,Rabi,tomato
68,47,21,19.91,67.97,6.26,84.74,Kharif,maize
24,46,24,27.85,50.69,7.07,62.51,Kharif,mothbeans
29,20,45,19.92,95.25,6.3,112.16,All Season,pomegranate
65,44,10,23.18,65.01,6.09,96.87,Kharif,maize
87,61,24,15.61,46.4,6.64,34.12,Rabi,mustard
43,57,71,21.61,37.86,7.96,66.49,Rabi,chickpea
9,126,181,23.84,88.4,6.07,109.34,All Season,apple
24,22,32,28.6,95.27,6.28,128.38,All Season,coconut
68,46,31,22.62,76.01,7.19,231.06,Kharif,rice
64,46,36,18.5,49.41,7.15,31.02,Rabi,barley
42,64,18,22.54,63.67,7.49,60.42,Kharif,blackgram
56,62,48,35.31,89.06,6.36,144.14,All Season,papaya
54,52,43,36.54,92.12,6.81,134.94,All Season,papaya
20,121,198,18.88,81.6,6.6,62.27,All Season,grapes
73,32,24,22.25,63.74,8.1,90.38,Kharif,maize
6,58,28,26.05,40.96,5.7,201.7,Kharif,pigeonpeas
148,87,102,28.71,79.06,6.7,131.81,All Season,sugarcane
21,138,190,24.6,85.01,5.71,78.98,All Season,grapes
97,23,44,31.19,82.51,6.54,47.99,Zaid,watermelon
39,63,49,24.53,56.54,6.2,62.12,Kharif,groundnut
12,20,29,20.2,92.1,6.01,132.08,All Season,pomegranate
46,58,12,24.61,51.66,6.89,64.39,Kharif,blackgram
23,132,216,25.51,93.75,5.92,124.53,All Season,apple
44,85,87,20.77,45.5,7.86,86.15,Rabi,chickpea
26,113,221,17.29,79.16,5.96,74.55,All Season,grapes
94,34,35,23.33,64.39,6.64,188.39,All Season,coffee
42,50,48,37.21,92.38,6.52,104.46,All Season,papaya
21,13,30,21.56,96.09,5.95,165.61,All Season,coconut
112,51,45,28.28,79.69,7.02,194.81,Kharif,jute
16,31,30,32.01,82.38,6.81,52.17,Zaid,mungbean
89,53,37,24.82,75.74,6.77,224.45,Kharif,rice
36,53,51,35.72,92.97,6.84,134.17,All Season,papaya
36,91,19,29.18,59.99,7.54,78.41,Kharif,blackgram
17,65,24,28.32,63.77,7.45,48.58,Rabi,lentil
66,45,44,26.88,74.88,6.3,149.03,Kharif,jute
15,66,21,26.23,56.11,6.01,150.99,Kharif,pigeonpeas
28,50,26,29.07,46.06,6.13,33.38,Kharif,mothbeans
103,66,37,18.25,56.93,6.33,79.88,Rabi,wheat
96,64,76,28.01,76.15,6.35,119.38,All Season,banana
131,60,6,24.33,71.12,8.12,71.97,Kharif,cotton
19,35,20,23.46,64.35,6.72,53.07,Rabi,lentil
20,118,204,24.45,83.45,5.59,50.39,All Season,grapes
78,54,33,11.55,51.51,6.82,26.89,Rabi,mustard
63,35,28,13.77,44.31,7.4,38.15,Rabi,barley
161,69,64,28.72,82.25,7.1,134.95,All Season,sugarcane
92,43,23,25.25,77.87,7.0,82.33,Kharif,cotton
21,58,21,28.83,46.45,6.92,64.43,Kharif,mothbeans
108,54,84,19.45,68.15,6.13,52.78,Rabi,tomato
126,61,37,19.66,37.91,7.06,38.9,Rabi,wheat
28,26,34,30.52,59.27,5.46,82.72,All Season,mango
69,58,38,21.91,52.43,6.94,38.41,Rabi,mustard
17,32,24,24.63,83.76,6.6,47.3,Zaid,mungbean
25,153,221,23.7,82.46,6.44,51.59,All Season,grapes
27,142,212,17.42,91.74,5.79,107.65,All Season,apple
95,66,110,27.92,60.23,6.01,63.54,Rabi,tomato
91,59,33,26.41,84.06,6.73,286.9,Kharif,rice
69,62,94,20.69,65.48,5.8,58.84,Rabi,tomato
116,42,35,22.86,53.86,6.69,78.05,Rabi,wheat
24,48,16,25.1,62.45,7.3,57.31,Kharif,blackgram
25,76,30,22.91,70.54,6.85,57.33,Rabi,lentil
30,87,34,21.9,72.79,7.48,57.6,Kharif,soybean
52,38,20,33.09,42.2,8.01,39.84,Kharif,millet
23,45,14,19.29,54.35,5.34,112.78,Kharif,kidneybeans
58,30,16,29.18,47.28,6.78,19.8,Kharif,millet
16,48,16,30.35,89.61,6.94,64.19,Zaid,mungbean
11,65,21,20.88,69.65,6.48,40.17,Rabi,lentil
46,19,28,32.69,46.17,6.62,22.16,Kharif,millet
91,5,28,24.78,57.53,7.01,180.01,All Season,coffee
41,92,80,18.32,42.86,7.23,100.59,Rabi,chickpea
28,71,15,26.87,44.31,5.45,174.47,Kharif,pigeonpeas
120,49,13,18.47,75.7,7.62,86.42,Kharif,cotton
115,16,47,27.3,86.29,6.91,63.71,Zaid,watermelon
41,70,77,22.52,35.39,6.97,78.45,Rabi,chickpea
93,31,16,20.04,58.42,6.91,81.51,Kharif,maize
22,46,17,25.72,48.88,6.12,51.09,Kharif,mothbeans
36,64,92,20.19,38.33,7.4,87.47,Rabi,chickpea
89,37,34,8.58,43.54,7.74,47.51,Rabi,barley
24,57,19,26.82,79.26,7.03,52.24,Zaid,mungbean
85,58,105,24.06,63.36,6.12,95.56,Rabi,tomato
27,24,35,31.82,52.55,6.01,62.91,All Season,mango
31,49,9,20.0,70.19,7.46,39.87,Rabi,lentil
21,15,32,28.98,92.09,5.67,195.19,All Season,coconut
47,36,36,17.6,46.59,7.65,34.77,Rabi,barley
90,10,46,24.88,86.27,6.6,42.52,Zaid,watermelon
139,63,74,25.97,70.44,6.37,177.34,All Season,sugarcane
18,62,23,22.68,63.6,7.6,60.39,Rabi,lentil
94,40,37,23.02,74.68,6.52,237.83,Kharif,rice
27,72,14,29.38,58.81,7.43,57.96,Kharif,blackgram
50,67,25,27.99,64.67,6.73,68.09,Kharif,blackgram
29,45,43,25.39,59.07,6.47,87.04,Kharif,groundnut
23,65,15,25.64,60.3,5.8,169.55,Kharif,pigeonpeas
146,62,71,32.24,79.79,7.26,191.6,All Season,sugarcane
25,72,18,17.9,51.12,5.86,129.58,Kharif,kidneybeans
99,79,86,23.13,69.26,6.36,88.92,Rabi,tomato
69,47,43,21.99,38.04,7.53,43.94,Rabi,mustard
108,76,95,23.37,68.87,6.68,99.43,Rabi,tomato
22,27,24,24.43,52.47,5.89,82.64,All Season,mango
26,13,7,21.88,88.81,7.28,89.59,All Season,orange
31,14,7,25.15,94.68,7.39,144.51,All Season,orange
29,44,83,14.89,45.57,7.19,90.19,Rabi,chickpea
108,33,32,25.75,62.73,5.83,160.88,All Season,coffee
94,27,28,29.14,52.72,6.55,110.2,All Season,coffee
28,21,10,18.78,94.08,7.78,135.16,All Season,orange
103,78,77,20.73,60.58,6.73,75.77,Rabi,tomato
18,60,21,32.76,48.84,6.3,115.24,Kharif,pigeonpeas
74,51,24,19.93,75.45,6.36,84.62,Kharif,maize
21,17,33,19.57,89.24,4.96,97.48,All Season,pomegranate
95,61,144,19.63,73.44,5.68,51.07,Rabi,potato
67,44,42,26.44,79.6,6.33,196.81,Kharif,rice
127,16,51,25.4,81.91,7.15,45.52,Zaid,watermelon
48,62,75,19.46,42.38,7.27,111.5,Rabi,chickpea
39,86,23,20.18,54.83,5.41,106.55,Kharif,kidneybeans
128,57,13,24.06,74.46,6.87,76.33,Kharif,cotton
113,58,47,22.16,61.09,5.86,45.81,Rabi,wheat
112,64,43,28.19,68.47,6.38,161.54,Kharif,jute
86,51,54,19.29,51.57,6.83,85.99,Rabi,wheat
149,47,35,15.76,51.67,6.35,82.84,Rabi,wheat
50,37,30,16.18,44.81,7.19,33.29,Rabi,barley
109,67,106,27.22,49.23,6.58,60.59,Rabi,tomato
124,75,66,27.0,79.18,6.02,101.5,All Season,banana
62,46,32,28.22,42.85,6.82,62.29,Kharif,millet
51,62,41,28.13,69.14,6.05,93.26,Kharif,soybean
19,8,11,19.48,92.56,6.73,91.1,All Season,orange
99,57,36,21.02,49.63,6.53,58.4,Rabi,wheat
114,22,59,22.6,80.31,6.06,64.15,Zaid,watermelon
18,139,195,19.33,100.0,5.71,72.78,All Season,apple
147,72,79,27.53,74.02,6.89,159.05,All Season,sugarcane
113,48,105,17.8,73.66,6.91,66.78,Rabi,potato
65,43,19,34.28,32.86,7.21,41.29,Kharif,millet
13,129,209,24.13,93.22,6.27,106.19,All Season,apple
100,58,93,21.44,60.16,6.17,80.62,Rabi,tomato
25,46,27,26.75,58.73,6.78,44.7,Kharif,mothbeans
105,13,64,30.23,87.62,7.04,51.45,Zaid,watermelon
106,32,32,26.63,73.75,6.77,181.51,All Season,coffee
23,76,20,29.66,57.83,5.99,157.79,Kharif,pigeonpeas
97,18,50,25.61,80.84,6.94,53.75,Zaid,watermelon
40,56,17,34.11,72.2,7.09,66.95,Kharif,blackgram
52,47,66,32.29,94.7,7.01,139.11,All Season,papaya
26,152,207,24.16,77.95,6.21,95.48,All Season,grapes
41,26,44,15.04,48.76,7.61,35.45,Rabi,barley
118,42,20,27.43,79.04,7.53,106.75,Kharif,maize
63,48,33,22.73,74.9,6.67,201.12,Kharif,jute
101,17,23,25.54,56.68,6.27,115.75,All Season,coffee
38,66,17,32.91,67.51,7.19,52.75,Kharif,blackgram
115,69,91,29.32,79.69,6.59,150.53,All Season,sugarcane
127,55,95,30.56,79.79,6.65,175.36,All Season,sugarcane
69,57,35,14.56,53.28,6.86,28.22,Rabi,mustard
30,55,43,25.32,71.51,7.37,105.16,Kharif,soybean
134,49,134,18.3,67.76,5.4,46.31,Rabi,potato
113,54,22,16.74,61.2,6.11,73.82,Kharif,maize
77,39,28,26.32,91.55,5.84,246.89,Kharif,rice
44,52,55,30.49,97.07,7.0,143.11,All Season,papaya
18,20,10,19.38,88.53,7.0,91.8,All Season,pomegranate
28,75,86,16.79,50.37,7.05,83.8,Rabi,chickpea
16,84,10,31.73,46.65,6.23,152.0,Kharif,pigeonpeas
97,29,51,24.29,73.86,6.6,154.47,Kharif,jute
141,61,15,24.33,83.17,7.66,93.33,Kharif,cotton
28,61,20,27.95,44.99,5.11,158.07,Kharif,pigeonpeas
76,48,22,23.82,84.62,6.53,154.06,Kharif,jute
73,44,18,21.89,49.72,6.86,49.72,Rabi,mustard
66,27,21,32.12,35.56,6.91,41.92,Kharif,millet
104,41,145,20.43,63.97,6.17,51.01,Rabi,potato
86,37,31,16.53,39.71,7.13,43.0,Rabi,barley
24,28,30,30.39,50.55,6.04,100.35,All Season,mango
57,65,44,34.22,89.43,6.71,150.87,All Season,papaya
82,45,28,24.07,70.14,6.83,106.12,Kharif,maize
26,51,22,24.07,85.7,6.89,55.29,Zaid,mungbean
26,53,45,28.59,61.82,6.57,69.68,Kharif,groundnut
22,80,23,25.25,62.91,5.93,181.88,Kharif,pigeonpeas
18,134,236,20.78,90.06,6.8,68.43,All Season,grapes
29,74,26,29.05,63.55,7.69,74.07,Kharif,blackgram
43,89,77,16.68,41.09,6.86,68.23,Rabi,chickpea
41,59,43,38.37,95.17,6.91,173.5,All Season,papaya
31,67,34,27.91,70.65,6.18,87.72,Kharif,soybean
116,84,111,17.96,82.13,5.57,56.74,Rabi,potato
60,80,82,21.41,45.87,7.31,74.73,Rabi,chickpea
128,73,40,15.39,57.76,6.33,95.2,Rabi,wheat
13,19,35,25.34,95.34,6.75,112.59,All Season,pomegranate
19,68,25,31.62,47.34,5.61,148.6,Kharif,pigeonpeas
25,72,21,26.78,50.22,5.74,161.45,Kharif,pigeonpeas
67,42,24,31.83,42.49,6.19,38.64,Kharif,millet
35,74,13,21.22,47.49,6.02,95.58,Kharif,kidneybeans
23,18,50,23.79,86.81,5.98,120.27,All Season,pomegranate
78,51,28,23.27,83.21,6.78,53.31,Kharif,maize
9,52,21,20.36,52.62,5.74,136.77,Kharif,kidneybeans
11,17,14,23.64,95.03,7.55,132.76,All Season,orange
42,26,27,29.19,45.28,7.05,41.16,Kharif,millet
18,31,30,29.81,83.53,7.23,38.27,Zaid,mungbean
62,47,44,26.24,75.27,5.74,184.41,Kharif,jute
89,76,58,29.4,73.28,6.76,91.18,All Season,banana
115,98,53,26.93,85.56,6.58,94.4,All Season,banana
122,35,24,25.03,59.09,6.84,181.01,All Season,coffee
22,115,181,20.28,79.01,6.15,60.05,All Season,grapes
72,69,35,18.14,36.42,7.37,47.14,Rabi,mustard
73,54,58,24.45,83.24,6.22,204.5,Kharif,rice
75,28,17,13.02,37.99,7.99,49.53,Rabi,barley
76,30,27,19.53,46.16,7.43,29.26,Rabi,mustard
83,61,27,24.46,83.3,6.71,192.89,Kharif,rice
26,131,204,24.55,86.39,6.27,71.91,All Season,grapes
15,139,191,20.51,92.04,6.04,86.85,All Season,apple
128,37,16,17.74,78.33,6.36,81.83,Kharif,cotton
90,71,111,25.66,53.99,6.9,78.14,Rabi,tomato
127,46,20,18.34,77.94,6.56,68.54,Kharif,cotton
10,57,8,20.23,65.87,5.92,30.19,Rabi,lentil
140,65,155,20.17,78.22,5.37,62.12,Rabi,potato
36,50,28,29.82,60.51,7.27,82.01,Kharif,blackgram
16,21,38,21.21,91.74,6.16,130.4,All Season,pomegranate
118,55,45,17.27,55.47,5.8,78.74,Rabi,wheat
69,51,43,19.58,40.44,7.36,32.18,Rabi,mustard
62,86,13,34.75,62.6,7.15,67.24,Kharif,blackgram
55,42,22,32.97,34.25,6.79,45.77,Kharif,millet
13,125,197,19.1,97.45,5.37,136.93,All Season,apple
122,66,97,27.77,66.84,7.0,170.55,All Season,sugarcane
130,49,123,16.53,71.04,5.46,56.08,Rabi,potato
34,46,61,28.08,52.34,6.03,85.54,Kharif,groundnut
105,16,36,27.56,61.55,7.34,169.41,All Season,coffee
102,10,50,26.76,84.58,6.79,51.79,Zaid,watermelon
30,74,44,20.69,71.77,6.75,81.38,Kharif,soybean
13,77,24,21.13,62.51,5.35,138.34,Kharif,kidneybeans
127,69,69,28.24,64.06,6.26,169.55,All Season,sugarcane
88,45,42,22.49,82.43,6.34,265.03,Kharif,rice
67,35,21,31.7,54.08,6.74,31.61,Kharif,millet
11,17,40,16.29,95.65,6.46,113.72,All Season,pomegranate
18,66,19,24.73,62.21,7.54,33.31,Rabi,lentil
14,144,194,25.35,96.54,5.64,126.98,All Season,apple
84,45,72,28.53,76.12,7.12,166.44,All Season,sugarcane
39,54,46,28.73,68.8,6.15,104.5,Kharif,soybean
28,57,85,16.43,47.78,6.75,92.72,Rabi,chickpea
21,49,21,23.32,60.23,6.52,41.06,Rabi,lentil
56,67,50,36.37,100.0,7.38,129.54,All Season,papaya
108,62,106,13.69,70.78,5.66,61.9,Rabi,potato
13,58,22,26.44,84.93,7.34,55.34,Zaid,mungbean
121,50,14,25.08,78.66,7.04,67.36,Kharif,cotton
13,40,18,23.41,48.57,7.13,69.13,Kharif,mothbeans
34,51,46,22.17,70.09,7.01,85.65,Kharif,soybean
13,26,27,25.97,46.3,5.71,92.7,All Season,mango
34,69,95,15.7,36.19,7.37,80.76,Rabi,chickpea
64,42,22,27.84,67.76,5.9,93.0,Kharif,maize
86,40,45,22.99,88.76,6.84,157.34,Kharif,jute
74,36,36,11.58,49.87,6.06,35.68,Rabi,mustard
48,40,23,27.74,36.78,7.33,27.97,Kharif,millet
15,148,206,21.64,97.9,6.52,129.49,All Season,apple
38,53,16,29.1,62.85,6.88,54.83,Kharif,blackgram
33,13,23,23.04,98.03,5.86,168.09,All Season,coconut
17,54,14,28.41,65.63,6.62,50.1,Rabi,lentil
18,17,35,24.1,100.0,6.01,179.96,All Season,coconut
18,21,9,19.89,99.82,6.09,97.2,All Season,orange
99,50,41,17.95,55.02,6.77,82.86,Rabi,wheat
42,63,54,31.12,92.15,6.64,128.81,All Season,papaya
128,27,23,25.15,46.65,6.78,178.62,All Season,coffee
16,28,30,26.39,40.12,5.95,97.71,All Season,mango
29,70,25,22.76,52.9,5.46,106.56,Kharif,kidneybeans
27,67,20,23.19,65.89,7.12,44.02,Rabi,lentil
38,58,42,29.04,56.67,6.24,47.45,Kharif,groundnut
79,51,18,23.36,62.6,6.81,78.35,Kharif,maize
12,98,27,24.41,66.34,6.58,49.32,Rabi,lentil
141,37,27,28.87,70.05,6.95,73.21,Kharif,cotton
24,19,34,27.19,93.84,6.07,210.4,All Season,coconut
17,16,28,30.42,93.37,5.68,233.98,All Season,coconut
19,84,21,25.21,47.81,5.81,161.82,Kharif,pigeonpeas
26,50,15,21.51,54.27,6.95,63.06,Rabi,lentil
130,52,118,17.01,69.47,5.81,49.87,Rabi,potato
35,23,23,32.45,30.3,6.59,47.91,Kharif,millet
14,73,17,27.4,48.43,5.05,130.53,Kharif,pigeonpeas
62,32,23,16.77,45.06,7.47,27.79,Rabi,barley
50,23,29,30.11,45.6,6.87,57.64,Kharif,millet
23,153,173,21.0,79.69,5.85,78.48,All Season,grapes
54,36,18,29.29,44.37,7.61,33.82,Kharif,millet
26,49,25,29.75,53.16,6.65,51.03,Kharif,mothbeans
31,52,67,29.74,64.9,5.92,58.1,Kharif,groundnut
34,60,19,31.3,62.64,7.32,71.68,Kharif,blackgram
16,66,19,15.67,64.22,5.71,113.86,Kharif,kidneybeans
88,17,50,26.54,88.63,5.99,31.69,Zaid,watermelon
95,37,36,17.18,53.18,7.21,29.8,Rabi,mustard
14,10,9,20.2,95.37,7.2,109.24,All Season,orange
61,38,45,16.6,37.22,7.9,33.76,Rabi,mustard
109,37,97,25.89,60.69,6.42,84.29,Rabi,tomato
139,70,145,17.98,55.44,6.41,44.64,Rabi,potato
43,68,50,32.14,94.56,6.41,158.55,All Season,papaya
50,54,31,20.73,79.88,6.15,105.45,Kharif,soybean
18,24,29,32.08,39.76,5.02,82.26,All Season,mango
82,49,24,22.06,67.73,6.45,89.78,Kharif,maize
19,49,17,24.68,44.35,5.73,173.94,Kharif,pigeonpeas
21,30,38,30.03,58.24,5.47,121.57,All Season,mango
102,20,53,22.5,87.8,6.67,40.09,Zaid,watermelon
73,34,22,16.34,45.55,7.41,43.7,Rabi,barley
106,18,40,24.42,83.71,5.79,40.99,Zaid,watermelon
96,49,37,14.01,47.47,7.12,27.93,Rabi,mustard
20,83,15,21.36,57.1,5.78,130.45,Kharif,kidneybeans
18,54,16,29.36,49.93,5.88,125.12,Kharif,pigeonpeas
22,20,47,22.99,88.85,6.08,104.27,All Season,pomegranate
21,14,32,31.35,95.52,6.87,148.76,All Season,coconut
37,58,49,28.93,56.03,6.91,52.82,Kharif,groundnut
90,25,42,22.56,78.16,6.32,45.76,Zaid,watermelon
126,36,35,18.56,64.39,6.57,56.67,Rabi,wheat
13,25,27,28.73,90.44,5.92,184.44,All Season,coconut
23,11,38,20.44,94.54,6.46,134.78,All Season,coconut
0,65,11,23.01,60.28,5.84,135.42,Kharif,kidneybeans
65,48,50,25.35,68.38,6.07,94.51,Kharif,soybean
80,41,40,24.47,72.6,6.77,137.51,Kharif,jute
49,35,23,28.45,35.45,7.43,51.03,Kharif,millet
11,143,183,22.61,87.77,5.44,51.21,All Season,grapes
16,48,18,30.8,56.36,6.16,160.73,Kharif,pigeonpeas
66,60,28,24.06,76.12,6.24,166.86,Kharif,jute
116,17,46,28.74,85.68,6.2,62.35,Zaid,watermelon
41,70,26,28.31,65.16,6.48,114.39,Kharif,soybean
10,63,10,30.05,35.61,5.81,98.05,Kharif,pigeonpeas
48,78,72,18.89,49.1,7.22,96.09,Rabi,chickpea
81,35,29,23.16,90.35,6.3,184.91,Kharif,rice
38,46,56,28.19,64.29,6.65,79.55,Kharif,groundnut
16,56,55,27.53,61.74,7.13,72.6,Kharif,groundnut
109,70,49,27.63,80.94,6.4,116.87,All Season,banana
81,48,38,9.07,39.63,7.24,42.93,Rabi,mustard
20,34,39,29.15,54.51,6.18,116.47,All Season,mango
38,62,56,36.22,94.41,6.5,160.46,All Season,papaya
100,18,51,29.17,86.58,6.48,61.22,Zaid,watermelon
107,36,22,26.73,84.49,7.28,78.0,Kharif,cotton
82,14,33,23.65,81.33,6.75,44.07,Zaid,watermelon
27,57,26,25.64,55.85,7.12,46.31,Kharif,mothbeans
49,54,32,22.92,58.26,6.56,95.58,Kharif,groundnut
38,77,75,14.78,55.5,7.85,60.62,Rabi,chickpea
27,20,13,23.08,89.86,6.3,109.78,All Season,orange
46,45,35,17.57,43.63,6.87,25.26,Rabi,barley
144,60,87,31.05,75.3,7.04,177.9,All Season,sugarcane
102,32,27,28.75,56.7,6.02,148.32,All Season,coffee
94,67,66,25.45,84.08,5.78,94.79,All Season,banana
38,63,46,33.41,98.04,6.42,144.1,All Season,papaya
17,141,189,23.28,91.95,5.99,104.42,All Season,apple
41,50,68,24.7,60.27,6.41,38.9,Rabi,tomato
92,62,75,23.6,61.27,6.1,55.73,Rabi,tomato
25,119,184,16.57,86.79,5.84,71.49,All Season,grapes
145,77,113,27.55,69.18,6.66,237.42,All Season,sugarcane
24,52,23,17.49,51.86,5.26,94.97,Kharif,kidneybeans
18,48,15,21.79,69.66,6.96,32.14,Rabi,lentil
94,64,58,29.71,81.24,6.27,103.25,All Season,banana
9,31,40,32.38,44.12,5.74,72.63,All Season,mango
24,22,31,31.6,100.0,6.21,145.92,All Season,coconut
91,38,39,15.9,76.88,6.3,192.57,Kharif,rice
18,61,28,30.0,59.59,7.18,52.49,Rabi,lentil
150,66,139,21.51,63.02,5.06,62.88,Rabi,potato
18,59,18,25.04,59.91,6.16,63.06,Rabi,lentil
30,22,36,28.77,93.72,5.42,169.67,All Season,coconut
125,48,21,24.82,79.54,7.66,56.77,Kharif,cotton
86,15,55,27.24,82.38,6.16,57.37,Zaid,watermelon
29,24,39,33.88,49.25,4.89,94.61,All Season,mango
80,38,43,24.5,79.0,6.43,218.44,Kharif,rice
35,47,33,29.92,55.69,6.57,71.99,Kharif,groundnut
76,43,47,14.75,53.65,6.82,50.47,Rabi,wheat
32,129,217,22.12,82.98,6.08,69.06,All Season,grapes
14,50,9,28.24,85.56,7.02,57.74,Zaid,mungbean
11,139,205,26.09,92.93,5.36,95.43,All Season,apple
63,55,38,28.89,70.91,6.62,86.93,Kharif,soybean
22,14,31,27.7,91.93,5.84,178.02,All Season,coconut
19,53,13,28.87,56.31,7.14,28.76,Kharif,mothbeans
29,71,38,28.8,64.77,6.56,99.19,Kharif,soybean
100,35,17,23.92,76.51,7.42,86.65,Kharif,cotton
19,25,32,27.66,49.94,6.0,95.66,All Season,mango
22,136,194,24.59,79.53,6.51,68.24,All Season,grapes
22,57,21,32.19,50.69,6.28,144.07,Kharif,pigeonpeas
44,84,86,15.04,51.31,6.9,74.24,Rabi,chickpea
27,15,8,20.81,91.36,6.78,120.47,All Season,orange
33,72,21,31.93,54.83,7.5,61.16,Kharif,blackgram
29,11,35,29.45,91.88,6.79,182.65,All Season,coconut
20,54,25,26.41,77.63,6.69,50.94,Zaid,mungbean
113,56,42,24.23,54.65,6.68,80.76,Rabi,wheat
18,135,203,22.59,98.27,5.5,111.54,All Season,apple
133,63,26,25.32,84.32,6.46,94.37,Kharif,cotton
64,22,18,32.81,33.95,6.85,49.71,Kharif,millet
90,58,25,21.04,71.8,6.29,251.53,Kharif,rice
24,72,23,28.2,72.0,6.43,50.06,Kharif,blackgram
97,16,36,26.78,63.26,7.32,137.47,All Season,coffee
82,36,70,26.12,61.14,6.2,67.92,Rabi,tomato
15,16,42,23.17,77.92,6.81,129.55,All Season,pomegranate
104,49,96,37.06,63.14,6.7,170.31,All Season,sugarcane
73,52,45,12.63,58.5,6.58,28.92,Rabi,mustard
105,38,30,20.96,49.55,7.09,143.85,All Season,coffee
17,15,35,21.81,85.86,6.2,100.26,All Season,pomegranate
87,62,47,29.38,78.16,6.75,235.5,Kharif,rice
82,53,12,25.36,61.62,6.57,114.02,Kharif,maize
30,74,15,27.65,47.04,5.97,186.28,Kharif,pigeonpeas
28,39,25,26.97,80.16,6.99,60.91,Zaid,mungbean
117,60,20,27.41,75.24,6.8,107.12,Kharif,cotton
38,40,22,27.85,45.66,7.8,46.16,Kharif,millet
115,49,53,32.74,61.62,6.67,130.55,All Season,sugarcane
9,127,206,23.97,97.03,6.38,107.56,All Season,apple
32,50,32,31.0,37.03,6.91,42.84,Kharif,millet
70,35,33,17.06,51.07,6.56,37.86,Rabi,mustard
23,120,195,23.81,76.4,5.81,74.25,All Season,grapes
17,17,32,35.02,51.63,5.38,95.89,All Season,mango
136,66,107,31.91,81.72,6.9,179.85,All Season,sugarcane
35,63,67,29.71,91.4,5.69,135.08,All Season,papaya
25,29,21,25.17,83.91,6.91,48.91,Zaid,mungbean
109,73,94,20.29,60.39,6.0,91.76,Rabi,tomato
30,23,22,31.17,95.95,6.06,224.14,All Season,coconut
38,51,37,20.54,80.06,6.49,115.24,Kharif,soybean
15,11,31,24.78,91.12,6.35,100.36,All Season,pomegranate
95,30,41,18.3,43.44,6.79,46.14,Rabi,mustard
24,123,193,18.17,84.28,5.46,84.43,All Season,apple
9,125,205,22.18,80.67,6.46,70.88,All Season,grapes
108,16,29,26.16,56.5,6.93,178.25,All Season,coffee
16,24,16,27.05,98.32,5.96,163.55,All Season,coconut
48,50,59,28.06,91.25,6.68,143.0,All Season,papaya
92,46,36,24.49,70.87,6.63,193.98,Kharif,jute
144,37,77,26.73,70.38,6.63,185.81,All Season,sugarcane
111,65,80,28.6,73.31,6.8,148.77,All Season,sugarcane
13,16,6,17.02,94.74,7.29,118.91,All Season,orange
54,36,36,14.64,55.76,7.27,52.79,Rabi,mustard
88,57,45,30.11,80.27,6.25,137.29,All Season,banana
16,49,11,21.5,59.27,6.42,50.18,Rabi,lentil
57,20,23,35.18,34.84,7.74,31.33,Kharif,millet
25,16,9,22.04,91.47,7.3,117.11,All Season,orange
32,52,75,19.25,48.57,7.08,73.81,Rabi,chickpea
27,64,14,32.06,47.32,5.91,180.87,Kharif,pigeonpeas
21,52,17,24.38,58.21,7.8,36.47,Rabi,lentil
13,46,25,22.36,91.64,7.15,43.4,Zaid,mungbean
0,62,22,23.0,53.45,5.58,128.08,Kharif,kidneybeans
64,59,20,22.47,62.7,6.58,99.85,Kharif,maize
108,47,36,16.6,57.54,6.81,56.39,Rabi,wheat
44,82,69,20.5,52.16,6.59,84.79,Rabi,chickpea
109,21,25,26.06,55.08,6.97,104.08,All Season,coffee
94,77,39,28.49,76.59,5.94,121.56,All Season,banana
61,19,62,25.95,81.08,6.29,68.5,Zaid,watermelon
54,42,31,24.79,77.46,5.84,273.97,Kharif,rice
14,39,15,30.67,51.1,5.69,149.44,Kharif,pigeonpeas
30,61,36,23.88,73.92,5.87,87.88,Kharif,soybean
45,81,94,17.9,37.04,7.13,83.9,Rabi,chickpea
35,42,51,28.07,56.97,6.37,65.03,Kharif,groundnut
53,31,25,30.52,36.53,6.97,44.41,Kharif,millet
22,80,14,23.77,66.57,7.25,24.72,Rabi,lentil
67,61,18,23.42,66.82,6.43,99.59,Kharif,maize
41,71,96,21.48,46.14,7.68,64.51,Rabi,chickpea
86,42,55,27.08,85.83,6.47,204.33,Kharif,jute
89,14,54,30.47,83.12,5.97,57.11,Zaid,watermelon
103,53,18,24.73,62.66,7.09,91.65,Kharif,maize
14,50,16,25.16,44.96,7.02,43.82,Kharif,mothbeans
35,7,24,34.47,42.63,7.7,50.31,Kharif,millet
75,38,25,22.11,49.79,6.92,75.36,Kharif,maize
97,63,91,21.52,62.02,6.11,57.07,Rabi,tomato
32,74,26,16.64,48.49,5.66,115.06,Kharif,kidneybeans
95,64,110,19.26,77.42,5.93,56.22,Rabi,potato
86,35,93,25.09,52.55,5.91,71.53,Rabi,tomato
76,47,24,11.44,48.86,7.52,32.63,Rabi,mustard
148,55,91,33.87,81.04,7.97,143.58,All Season,sugarcane
105,30,109,19.14,70.68,5.56,55.49,Rabi,potato
49,25,33,35.36,47.52,6.72,39.13,Kharif,millet
70,29,23,29.6,32.63,7.33,40.95,Kharif,millet
92,20,26,24.62,56.22,6.54,210.57,All Season,coffee
34,54,16,16.64,68.58,7.19,82.53,Kharif,maize
2,77,21,21.27,77.59,5.07,139.49,Kharif,kidneybeans
10,64,19,26.61,40.9,5.6,156.73,Kharif,pigeonpeas
91,80,57,32.88,85.18,5.98,86.19,All Season,banana
17,46,16,25.34,86.74,6.19,43.85,Zaid,mungbean
49,67,76,19.18,39.99,8.14,55.89,Rabi,chickpea
105,44,21,21.03,77.73,6.96,81.24,Kharif,cotton
36,94,20,28.84,51.77,7.66,51.86,Kharif,blackgram
93,66,54,30.68,86.26,5.5,129.78,All Season,banana
86,18,58,22.09,84.6,5.81,46.87,Zaid,watermelon
62,23,27,32.06,51.52,6.98,24.45,Kharif,millet
86,66,41,24.64,81.63,5.63,229.2,Kharif,rice
124,63,26,23.31,82.16,6.74,117.39,Kharif,cotton
20,59,19,30.54,86.9,6.84,45.29,Zaid,mungbean
90,26,66,31.09,84.43,5.79,27.37,Zaid,watermelon
51,83,33,24.1,67.05,6.67,82.31,Kharif,soybean
14,61,12,25.73,68.8,6.23,40.45,Rabi,lentil
12,19,32,24.77,92.03,5.99,186.19,All Season,coconut
29,163,203,17.88,91.22,6.06,114.05,All Season,apple
46,61,54,23.4,56.04,6.67,84.25,Kharif,groundnut
15,144,196,21.44,89.45,5.59,118.46,All Season,apple
152,64,114,29.71,63.08,7.22,120.2,All Season,sugarcane
27,65,76,24.87,47.6,6.75,71.53,Rabi,chickpea
90,59,114,23.96,74.3,5.82,53.66,Rabi,potato
126,56,58,18.6,56.15,6.48,67.0,Rabi,wheat
15,59,13,24.38,55.95,7.37,45.55,Rabi,lentil
121,28,16,23.11,80.84,6.7,61.73,Kharif,cotton
91,67,56,28.04,73.78,5.83,121.55,All Season,banana
46,56,49,32.71,87.48,6.48,140.16,All Season,papaya
15,18,14,21.3,94.06,6.48,154.52,All Season,orange
101,67,46,32.41,78.86,6.14,114.83,All Season,banana
113,54,46,21.39,58.35,6.6,45.32,Rabi,wheat
23,52,16,23.22,56.02,5.77,48.19,Kharif,mothbeans
16,13,8,18.7,89.45,7.97,123.74,All Season,orange
92,69,71,26.78,84.08,6.0,67.03,All Season,banana
83,79,74,29.35,76.08,6.45,97.67,All Season,banana
69,42,31,15.6,46.34,7.28,36.96,Rabi,barley
136,66,143,19.0,69.09,5.2,51.85,Rabi,potato
16,40,17,24.1,47.16,7.15,36.31,Kharif,mothbeans
18,132,212,23.61,94.05,6.1,128.62,All Season,apple
107,16,56,26.8,83.49,6.45,49.32,Zaid,watermelon
13,78,17,19.71,52.5,6.22,98.58,Kharif,kidneybeans
35,69,24,25.2,67.79,6.73,46.95,Rabi,lentil
15,55,20,16.48,54.29,6.81,45.82,Rabi,lentil
42,82,75,14.11,48.72,7.05,62.16,Rabi,chickpea
102,47,15,24.08,83.55,6.87,73.36,Kharif,cotton
54,35,44,14.32,55.74,7.97,30.37,Rabi,barley
27,68,16,30.77,46.7,6.06,138.06,Kharif,pigeonpeas
113,39,21,24.2,79.68,7.11,72.66,Kharif,cotton
21,37,24,35.01,85.43,6.9,48.85,Zaid,mungbean
44,88,18,31.77,64.36,7.88,47.03,Kharif,blackgram
14,22,9,19.79,90.94,6.35,136.31,All Season,orange
19,55,10,30.18,48.18,6.95,49.03,Kharif,mothbeans
74,47,35,17.59,52.92,7.6,51.49,Rabi,mustard
82,72,39,20.63,57.06,6.78,73.55,Rabi,wheat
104,64,117,16.38,60.8,4.97,64.81,Rabi,potato
16,38,25,31.03,55.92,7.34,41.45,Kharif,mothbeans
40,60,86,19.85,47.95,7.09,47.7,Rabi,chickpea
52,88,85,16.6,56.92,7.09,74.97,Rabi,chickpea
74,34,15,14.94,41.92,8.08,30.32,Rabi,barley
109,92,49,33.9,71.78,6.28,127.33,All Season,banana
51,55,55,34.41,92.6,7.32,159.16,All Season,papaya
48,46,37,30.65,71.7,6.74,74.97,Kharif,soybean
30,47,14,22.66,79.61,6.15,61.78,Zaid,mungbean
17,26,34,18.64,89.83,6.37,119.55,All Season,pomegranate
115,58,124,15.85,65.97,5.57,78.01,Rabi,potato
25,9,43,24.34,97.87,5.6,157.13,All Season,coconut
41,48,48,31.44,51.4,6.69,75.55,Kharif,groundnut
17,118,196,21.38,98.78,5.43,114.55,All Season,apple
97,76,138,17.74,66.72,6.14,59.71,Rabi,potato
24,161,219,19.68,85.5,6.84,153.54,All Season,apple
112,45,110,16.3,82.47,5.45,53.61,Rabi,potato
102,75,51,25.81,80.11,6.45,106.28,All Season,banana
21,57,16,22.97,63.9,5.63,105.92,Kharif,kidneybeans
30,113,225,21.82,92.42,5.47,98.82,All Season,apple
24,32,31,24.14,50.2,6.42,105.55,All Season,mango
119,70,19,23.36,84.13,6.72,81.94,Kharif,cotton
62,32,29,30.49,41.51,7.06,34.47,Kharif,millet
73,26,33,16.79,29.86,7.93,37.83,Rabi,barley
22,130,198,26.69,90.77,6.14,113.38,All Season,apple
105,76,65,28.01,78.38,6.0,106.35,All Season,banana
65,31,23,30.06,84.31,7.06,80.02,Kharif,cotton
34,47,68,21.89,44.06,7.08,82.4,Rabi,chickpea
70,54,24,22.78,75.34,5.93,81.51,Kharif,maize
16,15,6,21.33,88.24,6.94,91.18,All Season,orange
128,55,19,26.93,69.61,6.37,83.35,Kharif,cotton
25,62,45,25.86,50.46,6.48,31.23,Kharif,groundnut
80,61,89,29.34,67.5,6.51,64.26,Rabi,tomato
28,147,189,23.63,87.83,6.26,111.37,All Season,apple
64,50,43,23.17,54.75,7.3,33.04,Rabi,mustard
29,18,5,27.32,97.72,7.01,134.31,All Season,orange
47,58,47,29.52,54.6,6.88,62.73,Kharif,groundnut
48,71,20,28.72,67.7,7.0,74.67,Kharif,blackgram
22,23,37,18.09,95.2,6.36,133.95,All Season,pomegranate
64,37,48,19.88,87.69,6.56,153.07,Kharif,jute
75,43,10,24.89,57.49,6.62,122.33,Kharif,maize
57,31,50,18.02,48.84,6.94,45.26,Rabi,mustard
55,68,24,37.93,68.59,7.12,76.67,Kharif,blackgram
136,30,53,18.09,54.42,6.38,70.99,Rabi,wheat
9,141,183,19.71,92.3,5.86,87.28,All Season,apple
88,29,29,24.25,60.01,7.22,167.95,All Season,coffee
114,57,50,17.85,52.42,6.65,73.15,Rabi,wheat
79,43,29,14.77,61.32,6.22,104.49,Rabi,wheat
34,21,42,25.83,96.91,6.54,148.81,All Season,coconut
23,128,177,21.94,93.12,5.74,82.72,All Season,apple
55,30,24,29.75,42.47,7.11,32.11,Kharif,millet
63,57,31,15.59,46.11,7.06,43.78,Rabi,mustard
82,54,39,24.25,87.92,6.92,215.34,Kharif,jute
43,46,44,32.71,84.11,6.62,165.71,All Season,papaya
74,33,42,26.54,83.23,6.84,167.11,Kharif,jute
136,54,23,27.35,79.34,5.97,79.1,Kharif,cotton
90,46,42,17.52,47.27,6.86,37.34,Rabi,mustard
53,40,28,15.68,41.95,6.55,37.45,Rabi,barley
37,57,42,25.8,52.24,6.84,43.62,Kharif,groundnut
129,50,23,17.93,72.03,7.4,53.3,Kharif,cotton
68,23,19,27.05,71.48,6.98,107.25,Kharif,maize
24,64,18,28.69,86.27,7.66,27.01,Zaid,mungbean
70,43,35,21.84,82.24,6.07,238.11,Kharif,rice
126,40,28,28.64,79.96,7.67,112.5,Kharif,cotton
90,40,41,22.03,47.55,7.64,51.37,Rabi,mustard
27,75,41,23.04,57.44,6.86,68.24,Kharif,groundnut
90,60,108,16.47,58.93,6.25,63.29,Rabi,tomato
21,72,20,19.81,49.43,6.14,141.14,Kharif,kidneybeans
73,39,30,18.34,56.15,7.63,42.85,Rabi,mustard
28,165,178,16.83,91.44,5.29,113.53,All Season,apple
91,28,26,23.68,56.65,6.52,175.19,All Season,coffee
22,139,217,20.6,89.3,5.43,115.99,All Season,apple
60,15,29,28.76,37.58,7.5,53.62,Kharif,millet
92,22,52,25.46,86.2,6.57,35.63,Zaid,watermelon
131,101,50,17.81,86.58,5.78,87.97,All Season,banana
124,55,69,23.87,87.58,6.95,139.17,All Season,sugarcane
134,47,60,29.8,76.48,6.48,185.65,All Season,sugarcane
73,36,35,24.54,81.61,7.08,161.71,Kharif,jute
70,31,40,21.77,45.14,7.47,43.57,Rabi,mustard
63,36,29,18.07,48.86,7.63,43.37,Rabi,mustard
17,90,28,25.55,55.13,5.79,74.67,Kharif,kidneybeans
22,45,18,30.9,87.71,6.6,58.82,Zaid,mungbean
150,40,15,24.89,83.38,7.36,63.09,Kharif,cotton
126,32,25,27.72,56.41,6.49,104.5,All Season,coffee
138,47,21,28.33,82.7,7.68,40.91,Kharif,cotton
99,55,30,22.69,84.45,5.91,251.39,Kharif,rice
20,123,213,25.58,81.15,6.56,67.05,All Season,grapes
78,43,34,13.96,43.86,7.44,26.45,Rabi,barley
17,49,23,35.17,88.81,7.16,42.94,Zaid,mungbean
11,81,22,24.77,61.35,7.73,85.37,Kharif,blackgram
127,71,67,18.61,68.17,5.28,65.56,Rabi,potato
30,17,31,23.78,93.87,5.9,150.83,All Season,coconut
115,51,92,25.97,79.94,6.91,170.89,All Season,sugarcane
20,131,185,16.92,91.74,6.03,132.49,All Season,apple
95,54,44,26.72,76.52,7.44,175.91,Kharif,jute
76,43,32,25.75,90.91,6.5,162.56,Kharif,jute
82,37,41,20.43,65.1,6.42,81.18,Rabi,wheat
21,45,46,26.75,60.27,6.68,72.74,Kharif,groundnut
66,62,55,27.1,83.52,6.47,229.23,Kharif,jute
130,48,31,25.21,79.09,6.47,67.0,Kharif,cotton
11,147,172,24.67,85.45,5.42,58.51,All Season,grapes
28,53,9,26.61,49.63,7.04,20.5,Kharif,mothbeans
17,65,19,29.84,64.13,7.12,80.27,Kharif,blackgram
63,53,55,34.19,86.68,6.33,138.85,All Season,papaya
27,132,208,20.97,88.13,6.4,53.46,All Season,grapes
90,39,45,22.27,41.59,7.32,59.99,Rabi,mustard
78,68,85,14.56,57.2,5.61,60.14,Rabi,potato
17,128,212,16.86,98.52,6.09,111.94,All Season,apple
39,88,25,22.68,71.18,6.52,82.11,Kharif,soybean
135,61,85,24.41,75.15,6.13,156.9,All Season,sugarcane
14,50,15,27.05,90.8,7.03,49.58,Zaid,mungbean
24,21,27,26.26,97.18,6.1,148.51,All Season,coconut
40,67,40,26.27,67.69,6.36,89.33,Kharif,soybean
16,40,20,23.68,70.62,6.35,38.81,Rabi,lentil
99,13,42,27.7,88.58,6.74,65.95,Zaid,watermelon
63,63,43,36.9,92.46,6.72,112.53,All Season,papaya
19,76,16,24.92,64.53,6.44,43.86,Rabi,lentil
27,74,24,21.31,49.93,5.6,89.4,Kharif,kidneybeans
102,22,30,19.75,59.83,5.83,185.3,All Season,coffee
82,49,36,12.1,40.21,6.57,26.33,Rabi,barley
48,46,45,35.97,94.81,6.62,159.69,All Season,papaya
120,64,42,17.79,54.62,6.3,60.79,Rabi,wheat
18,73,19,24.57,84.96,6.91,64.73,Zaid,mungbean
123,26,27,25.37,62.4,6.94,224.3,All Season,coffee
15,132,209,19.77,86.32,5.85,84.69,All Season,grapes
63,52,38,25.79,84.37,6.37,204.6,Kharif,rice
70,41,33,20.12,85.3,7.09,139.05,Kharif,jute
26,15,10,22.06,94.19,6.66,128.39,All Season,orange
24,21,10,24.68,89.82,7.15,134.43,All Season,orange
22,79,16,32.48,38.82,6.61,140.68,Kharif,pigeonpeas
74,41,19,26.08,82.32,7.34,152.63,Kharif,jute
7,52,25,23.67,60.77,6.27,39.45,Rabi,lentil
69,68,60,29.37,84.97,5.61,136.32,All Season,banana
56,47,31,30.77,91.55,7.73,156.18,All Season,papaya
14,25,55,21.68,95.1,5.98,124.13,All Season,pomegranate
83,48,34,29.36,85.17,5.59,235.59,Kharif,rice
20,15,27,27.74,93.83,6.2,127.03,All Season,coconut
47,51,41,21.84,72.5,6.55,77.52,Kharif,soybean
33,138,219,25.92,74.53,6.52,71.22,All Season,grapes
88,50,35,23.48,79.53,6.16,255.49,Kharif,rice
53,48,44,31.12,89.86,6.57,135.94,All Season,papaya
107,24,26,24.52,50.64,6.82,177.69,All Season,coffee
41,53,34,26.56,66.59,6.29,67.29,Kharif,soybean
131,45,15,21.23,87.73,7.38,115.38,Kharif,cotton
71,36,30,17.44,45.07,7.87,49.73,Rabi,mustard
125,42,15,25.05,80.81,7.96,69.15,Kharif,cotton
20,47,22,29.07,41.03,6.24,63.15,Kharif,mothbeans
95,82,40,27.75,81.97,5.41,116.17,All Season,banana
66,49,40,21.14,83.79,6.62,262.49,Kharif,rice
29,44,20,15.46,60.18,5.67,113.39,Kharif,kidneybeans
51,34,34,17.96,56.0,7.96,41.88,Rabi,barley
88,50,161,16.46,68.29,5.42,73.78,Rabi,potato
9,66,17,12.68,67.29,6.03,97.47,Kharif,kidneybeans
14,26,32,33.5,50.89,5.97,96.7,All Season,mango
26,154,206,30.27,84.06,6.42,65.72,All Season,grapes
69,49,22,17.15,39.97,7.74,31.2,Rabi,barley
27,154,184,29.36,83.04,6.0,64.83,All Season,grapes
26,146,218,30.85,82.88,6.11,51.32,All Season,grapes
81,44,21,21.55,66.18,7.16,66.88,Kharif,maize
24,60,19,26.44,43.26,5.8,144.61,Kharif,pigeonpeas
18,66,15,27.69,43.13,5.24,156.47,Kharif,pigeonpeas
132,64,52,29.38,76.85,6.83,156.27,All Season,sugarcane
26,28,27,34.08,53.66,5.46,68.44,All Season,mango
115,70,45,30.23,88.39,6.26,90.9,All Season,banana
23,31,19,26.22,88.81,7.13,27.26,Zaid,mungbean
21,46,18,30.59,86.8,7.61,39.48,Zaid,mungbean
58,51,42,27.58,71.54,6.52,66.28,Kharif,soybean
59,47,68,36.27,86.51,6.42,163.0,All Season,papaya
63,46,40,25.29,85.56,5.95,183.98,Kharif,rice
10,44,8,32.31,46.48,7.43,63.35,Kharif,mothbeans
83,65,57,23.71,85.69,5.79,96.23,All Season,banana
70,58,31,16.97,43.35,7.37,37.87,Rabi,mustard
11,41,21,27.52,44.91,5.92,148.49,Kharif,pigeonpeas
13,142,200,25.92,82.16,6.23,59.83,All Season,grapes
15,116,210,19.3,80.58,6.18,68.81,All Season,grapes
45,53,35,28.15,72.89,6.32,92.32,Kharif,soybean
52,69,48,21.37,69.52,6.23,122.92,Kharif,soybean
24,17,29,25.32,91.55,5.55,187.86,All Season,coconut
16,69,24,22.67,58.75,7.03,27.07,Rabi,lentil
120,48,98,17.13,68.38,5.74,51.53,Rabi,potato
25,39,25,30.9,48.6,4.82,88.79,All Season,mango
27,69,25,20.43,62.14,6.76,43.85,Rabi,lentil
35,51,46,24.53,51.9,6.45,53.85,Kharif,groundnut
16,25,36,27.71,48.13,6.28,89.0,All Season,mango
121,52,75,33.35,63.47,7.13,127.69,All Season,sugarcane
56,28,28,22.08,36.97,7.28,38.91,Kharif,millet
114,30,33,28.68,58.08,6.35,190.63,All Season,coffee
75,29,34,15.75,41.62,7.05,33.92,Rabi,barley
79,50,37,22.54,88.03,7.66,178.71,Kharif,jute
89,101,53,25.31,88.66,6.83,103.34,All Season,banana
64,38,33,10.78,41.77,7.5,33.01,Rabi,barley
21,40,28,31.41,82.54,6.17,44.14,Zaid,mungbean
51,60,36,21.05,71.97,6.61,68.55,Kharif,soybean
16,8,49,19.47,86.68,6.24,112.08,All Season,pomegranate
24,50,17,27.06,80.7,7.41,48.13,Zaid,mungbean
11,139,183,21.77,91.0,6.01,102.75,All Season,apple
77,30,41,13.26,40.82,7.61,44.73,Rabi,barley
104,43,17,24.43,80.27,5.65,212.05,Kharif,jute
24,91,12,31.58,54.88,5.31,175.18,Kharif,pigeonpeas
64,29,37,24.05,90.38,6.53,223.43,Kharif,rice
51,53,32,25.1,68.13,6.64,88.35,Kharif,soybean
25,140,220,27.97,79.73,5.96,77.65,All Season,grapes
111,54,71,22.91,80.22,6.54,164.71,All Season,sugarcane
24,50,20,22.06,62.61,7.15,50.21,Rabi,lentil
106,13,41,23.16,83.38,6.36,72.46,Zaid,watermelon
14,11,11,20.91,86.7,7.49,135.61,All Season,orange
130,58,157,15.88,79.99,5.41,61.21,Rabi,potato
85,102,35,24.15,86.97,6.29,83.48,All Season,banana
93,59,43,18.23,51.7,6.33,64.62,Rabi,wheat
118,58,106,19.76,68.84,5.97,34.3,Rabi,potato
17,36,20,25.17,89.2,6.66,46.22,Zaid,mungbean
42,91,111,20.32,43.9,7.51,93.31,Rabi,chickpea
78,44,28,22.2,79.7,6.82,240.31,Kharif,rice
19,78,21,24.32,54.59,6.5,46.88,Rabi,lentil
38,57,21,29.01,61.89,7.44,68.35,Kharif,blackgram
16,41,17,30.0,89.64,6.54,57.08,Zaid,mungbean
23,84,27,23.76,50.99,6.49,40.73,Rabi,lentil
29,69,20,21.39,51.26,5.71,61.95,Kharif,kidneybeans
88,46,49,20.56,58.65,6.16,60.25,Rabi,wheat
133,44,32,11.47,51.17,6.07,89.63,Rabi,wheat
22,148,174,24.63,92.27,6.24,129.17,All Season,apple
20,83,21,18.48,58.51,5.56,91.11,Kharif,kidneybeans
23,84,22,19.76,68.5,5.97,116.47,Kharif,kidneybeans
89,60,48,26.41,85.03,6.01,160.09,Kharif,jute
92,72,57,30.59,83.25,6.04,133.96,All Season,banana
19,116,193,23.47,80.35,5.91,73.61,All Season,grapes
70,42,36,14.16,55.04,6.79,40.55,Rabi,mustard
84,72,40,26.43,85.48,6.04,156.14,All Season,banana
106,61,104,25.04,57.48,6.43,69.75,Rabi,tomato
126,61,20,24.43,79.89,7.79,73.76,Kharif,cotton
78,20,62,24.28,80.64,5.52,40.99,Zaid,watermelon
21,22,51,27.69,90.86,5.77,194.46,All Season,coconut
21,11,46,20.13,90.15,6.36,88.93,All Season,pomegranate
18,10,11,24.38,83.84,6.58,98.06,All Season,orange
13,14,0,21.03,91.91,7.28,105.66,All Season,orange
4,22,47,17.04,90.81,6.58,106.9,All Season,pomegranate
25,96,19,28.98,43.57,5.89,161.51,Kharif,pigeonpeas
66,42,111,18.44,53.95,6.44,57.05,Rabi,potato
55,22,33,11.36,45.11,7.41,43.95,Rabi,barley
63,38,73,19.35,53.17,6.95,50.56,Rabi,mustard
83,50,40,13.71,42.63,7.08,42.59,Rabi,barley
54,88,89,19.01,40.15,6.97,87.84,Rabi,chickpea
50,54,52,36.96,89.94,6.09,160.18,All Season,papaya
13,83,25,21.46,55.29,5.87,90.86,Kharif,kidneybeans
17,15,34,26.54,98.04,5.6,138.14,All Season,coconut
85,10,30,27.49,58.3,6.59,169.71,All Season,coffee
80,67,71,20.99,61.31,6.18,80.46,Rabi,tomato
34,51,18,30.1,65.96,7.64,65.16,Kharif,blackgram
66,28,30,15.52,53.32,7.26,41.61,Rabi,barley
115,31,19,24.65,71.57,6.95,167.3,All Season,coffee
123,21,57,26.71,80.73,6.48,60.5,Zaid,watermelon
9,23,29,30.76,55.64,5.27,100.22,All Season,mango
58,39,44,16.14,41.58,8.5,35.63,Rabi,barley
88,13,47,21.14,85.55,7.0,52.15,Zaid,watermelon
90,60,86,17.76,58.52,6.67,88.13,Rabi,tomato
93,61,43,28.69,78.13,5.9,176.64,Kharif,rice
104,12,46,25.07,79.06,5.82,44.79,Zaid,watermelon
44,37,32,29.97,40.49,6.65,42.89,Kharif,millet
107,10,64,23.28,84.31,6.63,45.15,Zaid,watermelon
20,41,16,26.12,83.34,7.0,45.78,Zaid,mungbean
23,59,11,29.65,84.39,6.75,52.59,Zaid,mungbean
29,13,10,20.54,95.15,6.73,108.74,All Season,orange
112,39,33,22.5,71.38,6.19,207.23,Kharif,rice
50,36,31,17.34,33.68,6.82,34.14,Rabi,barley
26,29,22,23.64,50.92,5.69,75.46,All Season,mango
9,9,10,18.82,99.57,5.97,96.1,All Season,orange
45,48,52,30.27,53.6,6.14,64.13,Kharif,groundnut
74,25,28,25.33,59.1,6.86,97.72,All Season,coffee
31,53,49,34.46,87.8,6.65,124.66,All Season,papaya
23,30,30,32.77,45.7,5.65,98.84,All Season,mango
108,58,29,14.47,61.32,6.58,75.22,Rabi,wheat
70,62,113,24.54,57.68,5.82,78.98,Rabi,tomato
13,42,25,22.44,71.78,7.43,32.14,Rabi,lentil
20,73,17,31.46,42.74,6.66,106.31,Kharif,pigeonpeas
126,64,97,18.57,59.81,6.21,56.99,Rabi,tomato
19,20,32,20.65,89.28,7.04,76.79,All Season,pomegranate
124,79,44,24.27,82.38,5.95,135.48,All Season,banana
22,123,178,20.8,82.69,6.13,71.38,All Season,grapes
22,71,14,25.16,58.79,5.43,191.41,Kharif,pigeonpeas
36,25,23,26.94,83.15,6.45,38.91,Zaid,mungbean
91,55,32,27.51,74.99,6.63,295.71,Kharif,rice
19,16,33,18.62,87.24,6.85,98.08,All Season,pomegranate
81,18,41,23.03,84.11,6.08,46.04,Zaid,watermelon
138,53,108,29.25,72.55,6.4,158.16,All Season,sugarcane
95,47,15,21.98,59.79,6.16,82.4,Kharif,maize
42,56,45,25.64,65.98,6.21,56.03,Kharif,soybean
22,53,21,19.61,45.51,5.44,96.73,Kharif,kidneybeans
17,121,201,20.08,83.58,6.34,76.01,All Season,grapes
108,31,28,24.32,78.33,6.7,53.16,Kharif,cotton
17,37,23,25.81,47.3,6.08,46.21,Kharif,mothbeans
76,43,40,29.79,72.66,6.67,181.62,Kharif,rice
35,147,212,23.38,87.96,5.91,69.22,All Season,grapes
13,36,23,28.55,84.95,6.53,44.95,Zaid,mungbean
28,66,20,27.0,61.02,7.33,17.92,Rabi,lentil
107,57,14,21.07,79.54,6.51,64.47,Kharif,cotton
72,29,34,17.56,44.8,7.21,43.92,Rabi,mustard
94,53,23,20.74,59.27,6.5,81.94,Kharif,maize
14,43,12,24.56,58.01,6.87,34.25,Rabi,lentil
103,68,54,26.04,77.88,5.39,122.53,All Season,banana
123,60,143,18.42,58.01,5.92,64.41,Rabi,potato
64,58,36,27.37,82.28,6.36,158.27,Kharif,jute
51,56,75,19.96,49.7,7.2,71.04,Rabi,chickpea
32,70,18,22.97,46.42,5.63,174.01,Kharif,pigeonpeas
13,146,188,21.07,85.87,5.25,51.32,All Season,grapes
54,74,55,36.13,93.43,6.1,116.48,All Season,papaya
21,14,42,19.61,86.51,6.15,102.37,All Season,pomegranate
37,74,37,24.43,80.47,6.8,121.93,Kharif,soybean
30,78,90,14.18,39.42,6.7,70.25,Rabi,chickpea
18,14,10,21.03,93.35,6.73,118.93,All Season,orange
86,51,26,18.62,58.88,6.41,88.61,Rabi,wheat
78,32,33,19.09,44.92,6.89,29.65,Rabi,barley
138,80,56,27.88,73.11,7.27,168.87,All Season,sugarcane
120,75,53,29.43,76.78,6.02,106.51,All Season,banana
52,52,25,36.69,57.07,7.41,68.01,Kharif,blackgram
20,88,8,25.74,77.61,7.04,61.51,Rabi,lentil
14,7,41,19.47,86.9,6.2,134.17,All Season,pomegranate
115,70,57,27.51,78.66,6.97,142.07,All Season,sugarcane
140,44,16,21.66,77.36,5.87,67.35,Kharif,cotton
112,67,41,16.77,53.82,6.57,64.44,Rabi,wheat
34,44,15,28.94,48.19,7.54,48.6,Kharif,mothbeans
17,58,22,23.57,49.76,6.99,62.05,Kharif,mothbeans
17,21,39,19.24,95.26,6.42,138.73,All Season,pomegranate
66,42,30,13.05,48.21,8.01,35.09,Rabi,barley
40,75,45,24.05,59.13,6.88,76.69,Kharif,groundnut
103,85,33,22.09,65.07,6.38,73.53,Rabi,wheat
55,59,44,27.08,68.23,6.52,116.02,Kharif,soybean
29,8,35,24.24,100.0,5.38,210.27,All Season,coconut
21,124,211,22.42,89.25,5.53,86.11,All Season,apple
100,64,92,24.31,70.39,6.3,47.6,Rabi,tomato
25,23,24,33.04,49.92,6.22,76.88,All Season,mango
76,40,32,21.96,81.61,6.54,238.3,Kharif,rice
71,46,91,21.36,38.86,6.83,44.42,Rabi,tomato
83,69,88,28.22,56.11,6.1,56.14,Rabi,tomato
59,49,50,25.11,80.66,7.17,131.46,Kharif,jute
98,52,30,16.59,62.86,6.7,42.23,Rabi,mustard
32,79,26,27.55,56.27,7.22,61.43,Kharif,blackgram
100,55,80,26.84,74.43,6.45,81.15,Rabi,tomato
27,65,20,28.37,64.0,6.24,66.43,Rabi,lentil
27,46,31,24.04,63.98,5.82,71.56,Kharif,soybean
20,156,202,20.22,89.81,6.14,136.08,All Season,apple
37,67,64,20.09,48.43,7.28,96.87,Rabi,chickpea
26,55,36,25.02,68.1,6.05,76.22,Kharif,groundnut
55,24,19,26.6,40.35,7.79,36.95,Kharif,millet
79,39,39,26.28,84.14,6.83,164.06,Kharif,jute
143,49,16,26.4,82.63,6.92,85.19,Kharif,cotton
54,80,66,20.36,52.97,7.45,96.36,Rabi,chickpea
22,12,20,26.87,93.84,5.84,182.38,All Season,coconut
104,25,20,24.33,52.59,6.53,158.93,All Season,coffee
38,54,49,23.02,67.94,7.27,68.66,Kharif,groundnut
103,29,19,26.4,65.27,7.26,174.81,All Season,coffee
85,54,25,23.81,63.31,6.84,119.2,Kharif,maize
82,51,22,30.88,76.72,6.33,167.55,Kharif,jute
24,13,28,29.76,95.39,5.19,146.41,All Season,coconut
21,59,17,20.29,64.15,7.46,51.85,Rabi,lentil
27,11,12,27.84,92.19,6.59,112.71,All Season,orange
36,48,40,29.04,63.91,6.81,79.1,Kharif,groundnut
17,86,65,18.13,42.42,7.54,56.03,Rabi,chickpea
97,7,42,28.29,74.24,6.97,56.01,Zaid,watermelon
50,35,28,23.93,35.16,6.49,33.84,Kharif,millet
85,37,29,25.58,50.62,7.21,173.78,All Season,coffee
12,137,188,27.56,82.8,6.24,86.53,All Season,grapes
24,71,23,24.01,72.01,6.9,45.58,Rabi,lentil
121,22,38,26.27,88.15,6.75,44.51,Zaid,watermelon
19,65,15,30.52,55.14,7.43,43.99,Kharif,mothbeans
99,42,4,25.2,76.58,7.46,87.42,Kharif,cotton
16,49,14,25.67,68.29,6.89,56.57,Rabi,lentil
52,62,79,18.95,50.09,6.4,70.9,Rabi,chickpea
21,75,16,28.89,49.87,4.86,200.38,Kharif,pigeonpeas
118,48,18,23.14,74.59,6.94,66.19,Kharif,cotton
25,12,23,27.22,92.09,6.32,200.14,All Season,coconut
25,19,36,21.06,89.43,6.64,128.62,All Season,pomegranate
42,51,28,29.51,69.19,6.77,71.7,Kharif,blackgram
10,57,21,22.3,63.0,6.09,46.87,Rabi,lentil
32,77,57,20.48,65.49,6.91,101.23,Kharif,soybean
50,31,21,26.73,29.7,7.63,46.96,Kharif,millet
29,14,12,25.33,91.21,7.66,58.14,All Season,orange
29,52,38,28.89,49.91,6.54,69.86,Kharif,groundnut
63,52,31,14.7,52.55,7.55,42.78,Rabi,mustard
107,40,36,23.4,62.38,6.53,170.7,All Season,coffee
22,71,13,35.13,68.14,6.94,59.06,Kharif,blackgram
43,52,48,34.2,91.29,7.16,155.3,All Season,papaya
112,21,39,24.2,88.49,6.52,40.06,Zaid,watermelon
12,65,21,24.56,83.73,6.74,65.05,Zaid,mungbean
59,75,73,34.45,90.08,6.88,135.94,All Season,papaya
28,131,199,19.93,80.7,5.69,74.2,All Season,grapes
87,45,35,11.48,43.25,7.68,25.63,Rabi,barley
124,37,100,17.77,57.26,7.02,79.64,Rabi,tomato
25,22,53,20.39,84.96,6.2,111.13,All Season,pomegranate
55,41,42,15.03,33.44,7.5,41.09,Rabi,barley
29,11,49,23.83,83.24,7.48,107.04,All Season,pomegranate
92,58,20,23.39,81.95,7.02,94.21,Kharif,cotton
113,6,48,23.91,82.39,6.65,62.01,Zaid,watermelon
11,15,33,25.34,96.56,5.89,210.5,All Season,coconut
67,16,26,18.25,48.18,7.83,50.36,Rabi,mustard
150,72,72,26.92,80.41,6.09,110.73,All Season,sugarcane
35,44,57,30.73,54.8,7.21,67.94,Kharif,groundnut
96,67,45,22.67,58.5,6.46,73.86,Rabi,wheat
73,39,35,30.73,80.73,5.91,160.13,Kharif,jute
89,27,28,25.78,54.78,6.29,157.07,All Season,coffee
33,77,19,28.57,57.17,6.74,48.3,Kharif,blackgram
143,49,69,28.13,81.97,7.6,179.89,All Season,sugarcane
37,144,187,22.81,79.35,6.62,52.56,All Season,grapes
12,23,43,24.95,91.4,6.46,82.11,All Season,pomegranate
48,63,79,18.86,33.48,7.29,69.65,Rabi,chickpea
9,16,40,25.21,91.7,6.52,91.09,All Season,pomegranate
113,12,50,24.59,84.66,6.01,46.68,Zaid,watermelon
8,55,19,31.81,46.43,5.21,55.35,Kharif,mothbeans
40,51,6,30.89,65.84,6.99,66.73,Kharif,blackgram
74,61,84,21.76,62.19,6.02,52.1,Rabi,tomato
72,56,32,18.14,43.39,7.25,28.44,Rabi,mustard
57,50,32,24.28,71.35,7.18,96.85,Kharif,soybean
15,66,24,35.09,57.33,7.12,37.92,Rabi,lentil
18,36,36,27.86,43.68,6.44,72.29,All Season,mango
37,65,57,18.92,52.99,6.38,74.44,Kharif,groundnut
19,14,14,26.31,92.58,6.36,88.43,All Season,orange
119,60,32,17.37,54.98,6.14,87.55,Rabi,wheat
107,60,22,21.78,58.28,6.31,104.6,Kharif,maize
148,47,84,30.28,77.78,6.46,189.94,All Season,sugarcane
35,64,89,21.1,37.53,7.32,69.36,Rabi,chickpea
43,61,63,23.33,67.95,6.88,81.29,Kharif,soybean
42,74,83,19.78,37.04,7.72,97.54,Rabi,chickpea
83,33,33,28.19,81.15,6.47,150.66,Kharif,jute
84,40,54,25.18,76.04,6.66,200.76,Kharif,rice
21,51,8,25.15,89.05,6.81,46.53,Zaid,mungbean
64,39,28,32.04,45.05,7.03,41.39,Kharif,millet
85,63,39,27.91,68.9,6.73,232.61,Kharif,rice
107,55,88,26.37,71.76,6.87,147.45,All Season,sugarcane
24,18,25,24.48,95.64,5.93,240.42,All Season,coconut
23,46,23,28.32,79.7,6.73,58.49,Zaid,mungbean
114,70,112,15.22,68.04,6.14,52.22,Rabi,potato
82,46,35,22.63,81.84,6.18,208.61,Kharif,rice
128,57,40,13.69,59.48,6.86,97.45,Rabi,wheat
120,46,17,26.48,70.49,6.63,71.67,Kharif,cotton
114,50,93,36.57,72.96,7.03,146.1,All Season,sugarcane
104,53,13,25.88,88.71,7.18,91.88,Kharif,cotton
45,62,47,24.67,71.53,6.45,89.08,Kharif,soybean
21,15,24,27.02,96.05,6.21,240.81,All Season,coconut
15,16,6,20.55,94.52,8.3,119.1,All Season,orange
19,71,23,30.0,42.09,5.66,179.87,Kharif,pigeonpeas
14,17,34,23.37,92.04,5.94,149.1,All Season,coconut
19,35,41,30.76,52.01,5.31,92.06,All Season,mango
20,63,15,25.51,61.53,7.81,32.31,Rabi,lentil
99,69,56,26.41,88.36,6.59,86.17,All Season,banana
27,78,27,18.49,54.74,5.21,97.15,Kharif,kidneybeans
9,55,13,27.49,60.61,6.96,41.19,Rabi,lentil
134,49,129,17.21,72.91,5.71,60.68,Rabi,potato
34,76,18,17.43,62.77,5.41,137.57,Kharif,kidneybeans
83,61,37,26.36,83.56,7.64,178.75,Kharif,jute
141,31,35,26.98,62.33,7.01,130.55,All Season,coffee
20,15,13,18.87,84.21,6.89,118.93,All Season,orange
80,42,25,24.55,49.6,7.24,29.22,Rabi,mustard
122,22,53,31.32,81.29,7.26,41.15,Zaid,watermelon
16,28,29,31.48,47.08,5.54,100.75,All Season,mango
20,20,11,26.14,82.4,6.85,134.03,All Season,orange
117,46,97,17.62,67.84,5.87,58.93,Rabi,potato
103,50,24,24.63,75.79,7.13,73.16,Kharif,cotton
43,58,19,25.6,54.39,7.25,63.39,Kharif,blackgram
122,59,17,25.21,79.45,7.11,68.62,Kharif,cotton
116,54,86,23.01,63.65,6.17,27.48,Rabi,tomato
21,25,38,26.75,45.97,6.56,97.62,All Season,mango
86,51,91,25.04,69.51,6.22,45.44,Rabi,tomato
27,65,57,24.12,81.42,6.3,95.88,Kharif,soybean
16,20,43,23.92,94.81,6.56,87.37,All Season,pomegranate
24,23,30,23.93,97.97,6.57,202.65,All Season,coconut
12,41,23,27.61,50.21,6.82,31.05,Kharif,mothbeans
19,122,173,23.87,81.69,6.26,70.43,All Season,grapes
81,44,84,23.45,60.55,5.65,92.1,Rabi,tomato
161,70,81,28.96,82.45,7.22,123.42,All Season,sugarcane
27,61,56,31.2,89.47,5.95,182.35,All Season,papaya
69,24,37,35.1,44.41,7.28,32.83,Kharif,millet
108,49,41,20.51,48.84,6.65,54.5,Rabi,wheat
71,56,30,25.32,89.21,5.41,206.09,Kharif,rice
58,57,35,24.05,86.85,6.25,154.34,Kharif,jute
20,50,14,27.88,87.94,6.08,50.01,Zaid,mungbean
5,125,224,22.13,79.94,5.89,56.15,All Season,grapes
26,22,23,30.13,97.93,5.62,223.66,All Season,coconut
56,51,39,18.69,52.01,7.03,37.44,Rabi,mustard
162,54,80,30.31,74.21,6.84,96.99,All Season,sugarcane
29,154,157,25.32,76.19,6.2,71.14,All Season,grapes
10,12,22,26.24,96.17,5.9,158.01,All Season,coconut
22,149,180,25.68,75.22,5.66,55.05,All Season,grapes
102,42,77,22.77,72.45,6.71,83.08,Rabi,tomato
99,41,37,27.9,63.07,6.28,174.67,All Season,coffee
31,84,86,17.69,42.12,7.42,86.95,Rabi,chickpea
108,38,12,26.98,78.93,6.28,65.52,Kharif,cotton
39,49,76,21.03,48.45,7.5,80.75,Rabi,chickpea
88,40,45,18.56,46.21,7.76,35.16,Rabi,mustard
100,78,117,22.18,57.56,5.59,36.43,Rabi,potato
18,16,10,21.03,92.87,6.93,108.8,All Season,orange
99,72,51,24.53,79.43,6.3,116.84,All Season,banana
86,54,100,23.41,73.45,6.68,76.8,Rabi,tomato
119,64,26,26.73,83.78,7.25,101.26,Kharif,cotton
71,64,35,16.41,56.59,7.08,28.57,Rabi,mustard
45,34,52,24.64,53.5,6.6,47.15,Kharif,groundnut
24,142,209,22.14,79.77,6.26,78.18,All Season,grapes
41,75,99,14.89,54.7,7.34,66.52,Rabi,chickpea
26,10,7,23.49,89.66,8.69,119.78,All Season,orange
83,52,111,28.05,73.16,6.81,168.87,All Season,sugarcane
80,36,37,24.03,77.46,7.5,162.37,Kharif,jute
20,20,10,24.56,86.35,7.19,97.27,All Season,orange
118,41,20,26.2,86.63,7.06,64.37,Kharif,cotton
75,48,18,20.42,66.18,6.72,65.37,Kharif,maize
78,45,24,15.78,46.81,7.53,28.97,Rabi,barley
46,61,44,26.7,74.22,7.0,182.41,Kharif,jute
21,47,21,28.45,57.79,7.26,39.39,Kharif,mothbeans
24,67,19,23.94,72.07,6.28,51.08,Rabi,lentil
75,39,42,26.31,81.81,6.63,119.96,Kharif,jute
92,76,39,13.49,55.77,6.33,77.61,Rabi,wheat
123,36,21,22.13,78.42,7.41,96.76,Kharif,cotton
16,13,17,31.42,99.58,5.59,168.86,All Season,coconut
20,131,188,25.42,92.57,5.83,99.25,All Season,apple
48,53,87,18.84,39.28,7.14,90.29,Rabi,chickpea
20,56,17,25.95,51.67,6.21,73.85,Kharif,mothbeans
105,33,29,26.22,58.69,6.84,153.09,All Season,coffee
53,35,26,8.57,51.65,7.4,47.78,Rabi,barley
28,53,22,25.59,39.51,5.91,175.24,Kharif,pigeonpeas
115,67,46,18.79,54.58,5.94,71.44,Rabi,wheat
34,66,19,30.79,58.22,4.98,105.34,Kharif,pigeonpeas
52,42,23,18.49,67.05,5.82,93.4,Kharif,maize
27,44,13,30.58,84.68,6.71,64.08,Zaid,mungbean
156,83,96,29.03,72.96,6.89,193.99,All Season,sugarcane
42,65,41,27.45,50.15,6.89,57.03,Kharif,groundnut
113,19,45,19.67,83.22,6.38,47.67,Zaid,watermelon
61,34,34,13.33,37.56,8.49,24.09,Rabi,barley
121,9,50,23.53,83.96,6.66,57.49,Zaid,watermelon
81,63,136,19.18,53.71,5.7,41.77,Rabi,potato
46,68,10,27.42,69.03,7.17,82.17,Kharif,blackgram
72,61,46,15.89,39.45,6.38,70.88,Rabi,wheat
110,17,45,28.58,87.31,6.19,51.29,Zaid,watermelon
21,67,15,18.35,67.04,7.63,39.09,Rabi,lentil
113,53,41,24.49,78.36,7.17,160.96,Kharif,jute
13,17,11,20.49,97.52,6.84,138.04,All Season,orange
124,48,51,23.94,52.82,6.42,86.8,Rabi,wheat
16,43,21,29.25,47.61,6.56,64.89,Kharif,mothbeans
19,17,33,24.56,98.51,6.25,222.45,All Season,coconut
76,48,28,22.64,82.55,5.94,241.27,Kharif,rice
81,55,26,25.36,78.69,6.63,207.1,Kharif,rice
56,62,38,32.7,90.26,6.52,110.0,All Season,papaya
25,65,15,22.2,59.97,5.43,132.11,Kharif,kidneybeans
61,50,24,20.68,82.98,6.7,235.14,Kharif,rice
21,28,29,30.07,67.47,6.25,103.26,All Season,mango
10,69,17,20.46,63.11,7.15,50.28,Rabi,lentil
87,68,20,20.17,63.72,7.19,73.37,Kharif,maize
35,19,46,16.46,96.11,6.71,100.74,All Season,pomegranate
80,67,14,20.33,68.6,6.59,91.31,Kharif,maize
91,50,43,15.08,53.0,7.56,32.65,Rabi,mustard
117,60,54,27.37,78.73,6.35,121.58,All Season,banana
34,57,47,19.68,48.47,6.26,60.14,Kharif,groundnut
19,145,176,20.05,86.57,5.8,134.51,All Season,apple
21,10,10,23.29,92.65,6.89,130.98,All Season,orange
90,59,172,21.61,68.32,5.86,43.25,Rabi,potato
34,59,30,20.3,70.15,6.88,115.08,Kharif,soybean
39,48,43,26.61,70.11,6.89,58.55,Kharif,soybean
148,67,17,18.0,69.31,7.56,79.55,Kharif,cotton
41,56,34,20.36,76.93,5.66,91.9,Kharif,soybean
141,57,18,24.69,73.21,7.15,85.34,Kharif,cotton
25,56,49,31.05,92.9,6.9,159.37,All Season,papaya
19,129,215,21.66,85.09,6.0,67.47,All Season,grapes
20,107,193,21.82,90.56,5.92,120.65,All Season,apple
24,55,21,27.23,56.55,7.14,55.69,Kharif,mothbeans
46,27,32,19.57,41.32,7.32,30.71,Rabi,barley
87,21,59,22.63,83.24,6.29,77.12,Zaid,watermelon
117,48,45,20.22,58.73,5.97,54.09,Rabi,wheat
135,36,66,23.33,68.74,6.53,147.84,All Season,sugarcane
102,75,36,28.79,83.56,6.27,122.93,All Season,banana
139,55,101,31.61,82.91,6.24,140.4,All Season,sugarcane
107,58,17,26.6,65.47,6.93,93.73,Kharif,maize
69,50,39,23.45,85.07,6.7,214.08,Kharif,rice
113,53,106,15.3,71.02,5.76,49.86,Rabi,potato
86,42,41,23.35,79.66,6.23,152.56,Kharif,jute
94,33,28,27.81,50.26,6.14,148.32,All Season,coffee
28,63,16,21.89,48.62,6.82,156.93,Kharif,pigeonpeas
137,48,41,17.45,62.13,7.61,57.04,Rabi,wheat
80,27,41,28.26,56.08,6.88,158.05,All Season,coffee
26,25,25,34.07,56.61,5.22,70.92,All Season,mango
169,75,70,31.96,77.35,6.47,154.7,All Season,sugarcane
118,56,13,28.9,84.31,6.86,77.72,Kharif,cotton
157,50,62,29.86,71.72,7.69,167.4,All Season,sugarcane
148,60,56,28.29,76.91,6.64,158.48,All Season,sugarcane
98,46,44,28.76,76.48,6.57,175.15,Kharif,jute
26,69,12,17.99,55.59,5.68,144.45,Kharif,kidneybeans
27,13,9,24.18,90.67,7.23,120.5,All Season,orange
30,64,31,23.22,74.12,5.63,121.56,Kharif,soybean
28,46,43,24.09,67.61,7.22,39.69,Kharif,groundnut
139,64,74,28.45,70.1,5.73,184.96,All Season,sugarcane
62,58,42,29.08,88.13,7.05,134.58,All Season,papaya
14,86,25,23.1,61.03,5.59,30.18,Rabi,lentil
12,12,7,23.81,93.22,7.2,121.23,All Season,orange
23,14,40,23.86,81.84,7.25,103.75,All Season,pomegranate
33,17,29,20.58,90.16,6.63,99.13,All Season,pomegranate
43,65,18,26.37,74.55,7.45,79.57,Kharif,blackgram
21,136,211,25.93,80.57,6.13,75.36,All Season,grapes
87,34,43,19.74,28.15,7.14,14.99,Rabi,mustard
50,93,64,14.1,56.23,7.46,66.98,Rabi,chickpea
95,35,30,25.23,56.28,6.87,183.01,All Season,coffee
57,43,46,24.54,75.77,6.47,241.56,Kharif,rice
23,93,14,19.1,58.29,5.68,85.35,Kharif,kidneybeans
21,68,19,31.38,47.5,5.24,140.16,Kharif,pigeonpeas
21,48,25,29.44,91.41,6.3,49.36,Zaid,mungbean
82,51,55,26.38,79.12,6.04,244.76,Kharif,rice
27,52,20,29.36,54.94,7.44,67.54,Kharif,mothbeans
47,61,77,16.31,29.63,7.22,116.19,Rabi,chickpea
40,66,47,27.79,73.4,6.54,128.43,Kharif,soybean
20,21,33,31.05,44.66,6.92,104.53,All Season,mango
53,72,44,27.42,67.53,6.35,105.54,Kharif,soybean
17,50,11,26.56,46.45,6.87,63.93,Kharif,mothbeans
81,37,35,25.29,76.47,6.26,208.34,Kharif,jute
22,26,31,30.51,53.77,5.03,87.73,All Season,mango
13,16,31,19.33,84.95,6.04,129.29,All Season,pomegranate
46,51,92,19.45,42.78,7.36,53.36,Rabi,chickpea
89,47,32,24.19,78.61,6.79,225.59,Kharif,rice
93,55,44,15.47,56.12,6.3,55.83,Rabi,wheat
12,23,42,25.74,90.04,6.05,104.8,All Season,pomegranate
95,87,47,28.48,79.83,5.98,96.45,All Season,banana
157,56,77,32.7,71.07,7.11,158.54,All Season,sugarcane
17,14,23,22.87,96.96,6.09,176.01,All Season,coconut
51,58,40,34.28,95.99,6.61,149.3,All Season,papaya
99,66,41,28.23,73.73,5.9,110.66,All Season,banana
110,40,16,24.52,91.34,6.53,74.67,Kharif,cotton
16,71,21,31.38,40.45,6.17,164.76,Kharif,pigeonpeas
69,13,53,27.53,82.49,6.38,44.83,Zaid,watermelon
36,77,33,23.15,73.16,6.45,132.11,Kharif,soybean
27,47,25,24.08,56.12,7.73,57.04,Kharif,mothbeans
98,12,54,25.48,83.19,6.94,38.3,Zaid,watermelon
47,38,46,14.4,51.12,7.6,42.65,Rabi,barley
110,65,38,26.43,85.23,6.95,201.05,Kharif,rice
120,63,115,14.79,72.16,5.41,80.6,Rabi,potato
29,49,17,25.22,44.33,7.13,58.94,Kharif,mothbeans
76,45,18,23.86,80.85,6.68,285.47,Kharif,rice
18,43,23,27.73,49.15,7.63,41.73,Kharif,mothbeans
29,21,31,27.73,90.29,5.78,191.22,All Season,coconut
77,50,22,24.56,68.89,6.54,81.45,Kharif,maize
49,73,44,32.91,84.22,7.39,115.84,All Season,papaya
37,66,83,19.01,31.68,7.21,67.23,Rabi,chickpea
44,56,22,27.21,58.2,6.96,60.97,Kharif,blackgram
138,35,25,30.32,83.62,7.3,83.45,Kharif,cotton
145,46,16,25.08,81.89,6.94,83.62,Kharif,cotton
69,33,33,15.4,45.96,7.69,38.9,Rabi,barley
22,36,25,29.09,86.29,6.7,42.82,Zaid,mungbean
97,25,33,24.68,68.9,6.88,150.1,All Season,coffee
30,84,52,22.75,72.44,7.28,114.19,Kharif,soybean
85,41,47,24.77,86.06,6.65,205.13,Kharif,rice
93,34,35,26.41,68.08,6.45,145.92,All Season,coffee
74,45,21,25.11,71.02,6.21,81.99,Kharif,maize
91,14,56,23.64,88.86,6.99,34.11,Zaid,watermelon
95,30,30,27.41,50.55,7.46,171.23,All Season,coffee
88,51,64,26.8,81.36,6.02,181.81,Kharif,rice
7,22,28,24.07,97.62,5.99,212.18,All Season,coconut
46,52,38,13.48,48.24,6.8,43.44,Rabi,barley
87,70,35,18.74,43.53,7.16,38.24,Rabi,mustard
113,62,50,18.05,59.25,6.56,86.6,Rabi,wheat
18,44,15,23.02,82.83,6.78,34.52,Zaid,mungbean
90,36,37,23.19,60.59,7.53,168.48,All Season,coffee
111,22,29,23.32,55.88,6.91,145.56,All Season,coffee
20,39,16,25.76,84.41,7.19,39.95,Zaid,mungbean
15,69,26,29.56,45.53,5.93,143.98,Kharif,pigeonpeas
19,17,44,19.84,87.66,6.19,128.3,All Season,pomegranate
58,36,43,19.28,48.11,8.19,44.59,Rabi,mustard
123,46,58,20.25,53.05,5.6,99.36,Rabi,wheat
61,37,24,27.97,64.27,6.42,86.26,Kharif,maize
16,125,183,22.23,80.28,6.04,50.22,All Season,grapes
64,19,37,27.52,76.54,7.56,167.52,Kharif,jute
23,63,19,21.85,45.5,6.1,106.45,Kharif,kidneybeans
22,142,193,26.7,72.34,5.59,81.35,All Season,grapes
115,22,28,23.03,57.74,7.07,161.46,All Season,coffee
10,146,214,26.71,83.39,6.09,81.99,All Season,grapes
51,39,34,31.3,40.11,7.03,41.05,Kharif,millet
99,35,24,24.94,57.79,6.31,147.6,All Season,coffee
12,65,23,20.39,52.77,5.77,119.29,Kharif,kidneybeans
107,28,28,25.26,54.14,6.79,143.49,All Season,coffee
16,70,23,22.95,49.8,6.27,139.62,Kharif,pigeonpeas
54,36,19,29.95,50.86,6.64,42.67,Kharif,millet
137,53,155,18.97,78.79,5.61,59.86,Rabi,potato
27,20,18,30.71,95.08,6.16,149.75,All Season,coconut
16,43,17,26.26,84.11,7.01,37.46,Zaid,mungbean
46,78,74,19.11,56.72,7.1,64.12,Rabi,chickpea
84,46,24,26.3,83.13,6.79,90.86,Kharif,maize
58,43,54,24.19,69.72,6.68,79.45,Kharif,soybean
107,41,23,26.88,79.31,6.86,88.76,Kharif,cotton
71,36,18,21.51,70.46,7.16,110.12,Kharif,maize
16,49,20,28.92,79.86,7.02,50.4,Zaid,mungbean
101,25,35,22.85,61.05,6.46,145.32,All Season,coffee
16,71,18,19.77,53.09,5.25,111.43,Kharif,kidneybeans
25,52,21,28.44,52.77,7.99,66.21,Kharif,mothbeans
96,38,21,25.62,68.51,6.59,103.02,Kharif,maize
75,43,46,16.48,52.6,7.03,39.57,Rabi,mustard
13,153,208,17.73,94.97,6.27,114.94,All Season,apple
96,20,37,28.78,54.04,6.74,154.51,All Season,coffee
84,39,24,24.38,72.82,6.78,141.46,Kharif,jute
30,64,47,24.94,65.68,6.56,102.77,Kharif,soybean
60,27,18,29.26,45.27,7.0,53.18,Kharif,millet
123,48,109,18.62,75.22,6.43,67.67,Rabi,potato
27,55,22,19.33,60.66,5.06,103.02,Kharif,kidneybeans
102,17,52,25.32,85.24,6.27,43.29,Zaid,watermelon
21,45,20,27.07,77.08,7.52,49.55,Zaid,mungbean
56,47,32,13.0,47.76,7.36,37.36,Rabi,barley
40,72,43,22.74,64.08,6.54,82.56,Kharif,soybean
75,40,32,28.35,86.92,7.17,188.49,Kharif,jute
88,60,13,22.23,84.34,7.22,60.45,Kharif,cotton
124,93,57,26.77,64.19,6.12,103.96,All Season,banana
92,25,41,25.93,74.61,6.86,240.15,Kharif,rice
120,64,70,27.34,76.94,6.3,127.21,All Season,sugarcane
118,16,33,26.89,90.3,6.87,44.17,Zaid,watermelon
22,12,28,26.86,94.1,6.74,187.05,All Season,coconut
20,14,6,19.93,88.73,6.86,145.63,All Season,orange
74,43,57,27.27,92.0,6.5,172.32,Kharif,jute
23,67,17,17.27,60.59,5.97,74.09,Kharif,kidneybeans
26,54,21,21.87,48.28,6.75,126.3,Kharif,pigeonpeas
27,63,11,17.69,64.6,5.62,100.13,Kharif,kidneybeans
47,75,69,18.19,44.76,7.25,85.01,Rabi,chickpea
60,36,23,28.16,46.47,7.32,44.17,Kharif,millet
104,33,33,27.44,56.87,6.61,118.25,All Season,coffee
22,7,9,17.76,87.97,6.91,133.47,All Season,orange
78,64,88,19.48,52.9,6.02,93.49,Rabi,tomato
29,39,23,27.36,52.05,6.71,41.85,Kharif,mothbeans
13,27,19,33.69,54.89,5.96,72.58,All Season,mango
102,48,53,20.55,73.48,6.38,241.52,Kharif,rice
53,69,23,33.67,67.03,6.86,79.71,Kharif,blackgram
100,65,110,14.15,66.83,5.68,47.89,Rabi,potato
137,60,66,28.28,82.93,5.9,180.66,All Season,sugarcane
24,26,26,27.15,57.91,6.1,80.87,All Season,mango
66,23,24,24.86,63.03,6.53,94.29,Kharif,maize
87,23,28,27.3,56.66,6.47,149.31,All Season,coffee
28,65,79,20.3,49.01,7.01,81.23,Rabi,chickpea
20,17,38,29.02,96.9,6.29,171.09,All Season,coconut
50,62,37,21.34,59.06,6.5,46.72,Kharif,groundnut
114,79,80,20.3,61.18,6.32,81.94,Rabi,tomato
45,48,54,24.99,54.73,6.39,59.29,Kharif,groundnut
54,51,47,29.47,81.2,7.0,109.42,Kharif,soybean
62,56,50,23.82,87.02,6.54,210.65,Kharif,rice
109,32,20,21.55,74.52,6.54,125.14,Kharif,cotton
23,17,33,24.57,95.39,6.05,182.65,All Season,coconut
19,58,19,29.91,84.23,6.29,46.77,Zaid,mungbean
54,44,16,23.52,74.38,5.56,87.07,Kharif,maize
15,17,12,23.23,97.81,7.23,126.94,All Season,orange
54,91,80,21.33,53.05,7.0,72.72,Rabi,chickpea
23,156,206,20.51,86.63,5.45,114.02,All Season,apple
22,60,19,23.56,65.58,5.71,26.7,Rabi,lentil
62,54,54,24.1,83.81,7.19,203.18,Kharif,jute
115,33,76,33.29,76.59,6.2,185.43,All Season,sugarcane
22,16,25,32.43,52.36,6.41,92.1,All Season,mango
128,53,17,28.16,76.64,7.6,88.36,Kharif,cotton
15,53,29,24.86,78.09,6.65,48.16,Zaid,mungbean
81,54,52,20.91,92.67,5.62,225.45,Kharif,rice
27,59,12,34.01,74.29,7.23,82.66,Kharif,blackgram
16,50,22,22.31,40.63,4.76,147.85,Kharif,pigeonpeas
51,49,43,23.16,63.69,6.19,61.12,Kharif,groundnut
22,140,195,16.11,86.97,6.08,65.04,All Season,grapes
120,66,42,32.7,85.29,5.05,92.69,All Season,banana
28,13,26,25.12,81.0,6.32,154.77,All Season,pomegranate
33,65,73,13.29,50.38,7.81,89.77,Rabi,chickpea
22,54,11,29.64,46.67,7.21,40.45,Kharif,mothbeans
43,74,89,17.97,41.33,6.87,67.62,Rabi,chickpea
15,67,19,17.85,57.79,6.35,53.22,Rabi,lentil
34,104,192,16.36,82.03,6.11,88.69,All Season,grapes
15,18,40,16.05,84.22,6.53,96.94,All Season,pomegranate
31,38,26,20.85,49.36,5.38,138.53,Kharif,kidneybeans
13,128,195,29.36,83.5,6.07,79.64,All Season,grapes
42,59,48,28.86,61.34,6.79,68.48,Kharif,soybean
24,128,196,26.41,96.83,5.79,101.34,All Season,apple
20,25,23,25.75,47.27,6.25,120.12,All Season,mango
84,47,44,28.39,78.15,6.35,197.88,Kharif,jute
27,121,187,26.55,94.56,5.93,121.22,All Season,apple
41,72,51,25.39,52.34,6.56,80.22,Kharif,groundnut
25,30,33,30.07,46.49,6.43,85.05,All Season,mango
18,14,9,21.81,93.18,6.14,129.17,All Season,orange
19,24,36,31.76,50.39,6.19,87.5,All Season,mango
103,63,128,18.55,62.73,6.53,66.12,Rabi,potato
83,51,36,22.78,79.84,6.56,217.37,Kharif,rice
94,69,56,23.5,75.01,6.14,116.46,All Season,banana
38,74,18,29.35,65.35,6.86,63.88,Kharif,blackgram
13,13,33,25.27,95.59,6.1,170.09,All Season,coconut
64,21,38,14.29,43.3,7.06,36.93,Rabi,mustard
49,68,34,27.68,62.82,5.91,69.03,Kharif,soybean
76,31,25,22.46,54.31,7.02,189.57,All Season,coffee
138,37,22,18.73,51.99,6.19,75.63,Rabi,wheat
86,68,49,32.12,81.59,5.66,108.41,All Season,banana
21,86,25,22.44,69.72,6.42,51.96,Rabi,lentil
24,82,18,23.43,72.16,6.29,49.39,Rabi,lentil
45,58,11,30.32,63.09,7.35,67.04,Kharif,blackgram
25,156,203,22.02,85.38,5.91,113.98,All Season,apple
9,33,45,29.85,60.52,5.67,67.55,All Season,mango
10,57,27,33.37,47.38,5.18,202.4,Kharif,pigeonpeas
47,38,31,25.23,37.84,6.64,16.68,Kharif,millet
67,29,31,13.45,50.65,7.05,20.95,Rabi,barley
120,39,21,23.01,84.2,7.07,74.72,Kharif,cotton
91,49,14,25.89,76.69,6.37,94.79,Kharif,cotton
22,136,207,22.74,92.02,5.91,66.83,All Season,grapes
29,64,26,32.32,64.05,7.22,60.8,Kharif,blackgram
70,65,21,28.05,66.77,7.0,63.07,Kharif,blackgram
48,44,28,26.21,34.35,7.08,28.25,Kharif,millet
16,8,8,19.39,93.01,6.67,130.51,All Season,orange
34,42,44,32.85,54.94,6.58,80.69,Kharif,groundnut
56,37,21,30.18,38.6,6.33,39.8,Kharif,millet
31,74,38,27.13,58.69,6.9,83.44,Kharif,groundnut
26,42,24,24.51,61.71,6.81,44.84,Kharif,mothbeans
105,55,34,15.64,46.58,7.3,46.34,Rabi,wheat
104,33,36,24.33,89.21,5.83,264.89,Kharif,rice
130,60,92,22.49,56.39,6.95,94.23,Rabi,tomato
25,46,22,26.66,85.3,6.98,79.13,Zaid,mungbean
54,63,38,22.93,76.94,5.74,254.7,Kharif,rice
53,35,21,31.6,43.6,7.64,49.54,Kharif,millet
20,27,31,31.13,52.91,5.4,122.99,All Season,mango
46,60,35,24.7,60.24,6.14,57.85,Kharif,groundnut
27,19,41,31.61,93.77,7.0,176.43,All Season,coconut
103,51,47,28.5,77.8,5.58,120.92,All Season,banana
35,125,222,28.27,77.9,6.41,61.78,All Season,grapes
66,29,19,22.11,75.59,6.82,66.56,Kharif,maize
19,81,21,28.38,40.38,5.94,129.2,Kharif,pigeonpeas
20,19,4,23.06,91.95,7.36,107.12,All Season,orange
15,74,29,22.04,55.74,5.65,97.87,Kharif,kidneybeans
38,57,50,25.96,59.21,6.34,59.82,Kharif,groundnut
29,5,38,26.04,94.57,5.79,221.99,All Season,coconut
24,116,208,21.65,80.6,6.1,70.84,All Season,grapes
11,138,183,20.22,88.13,5.72,112.2,All Season,apple
75,42,28,15.63,51.78,7.07,38.54,Rabi,barley
127,80,130,14.87,67.12,5.77,61.18,Rabi,potato
91,55,38,20.78,80.83,6.33,132.98,Kharif,jute
13,109,188,25.02,97.83,6.27,131.73,All Season,apple
26,25,31,29.72,44.51,4.93,73.89,All Season,mango
88,20,55,26.47,90.46,6.28,48.93,Zaid,watermelon
77,45,30,10.11,41.33,7.04,46.78,Rabi,mustard
59,67,33,24.52,70.27,6.81,110.75,Kharif,soybean
25,15,7,22.46,91.01,7.98,88.44,All Season,orange
103,76,53,27.63,86.61,6.05,74.84,All Season,banana
26,129,171,21.15,92.45,6.39,102.48,All Season,apple
15,72,19,27.31,69.46,6.92,36.03,Rabi,lentil
15,42,17,24.35,82.23,6.25,43.88,Zaid,mungbean
111,37,20,27.02,64.44,6.73,65.88,Kharif,maize
25,41,18,28.46,86.1,6.74,52.36,Zaid,mungbean
61,32,33,30.32,39.48,7.69,61.12,Kharif,millet
98,69,50,33.99,86.17,6.47,112.71,All Season,banana
47,71,40,25.93,55.53,6.23,42.22,Kharif,groundnut
122,48,94,29.59,78.31,6.71,145.71,All Season,sugarcane
13,32,27,33.01,57.81,5.2,83.68,All Season,mango
12,14,46,19.95,84.71,6.16,107.52,All Season,pomegranate
118,29,32,28.45,58.37,7.1,175.2,All Season,coffee
16,20,33,21.63,84.04,6.65,134.47,All Season,pomegranate
98,68,62,28.06,76.48,5.81,126.42,All Season,banana
106,17,56,22.45,83.84,6.41,55.36,Zaid,watermelon
155,34,80,32.84,71.93,7.57,195.37,All Season,sugarcane
39,80,24,26.77,60.96,7.48,35.45,Kharif,blackgram
121,55,34,19.46,57.36,6.96,74.53,Rabi,wheat
50,21,31,36.9,40.64,7.05,26.91,Kharif,millet
41,68,15,32.43,68.19,7.44,66.52,Kharif,blackgram
23,47,16,27.98,79.1,7.61,35.65,Zaid,mungbean
108,38,58,22.42,53.31,5.84,76.03,Rabi,tomato
93,52,16,28.18,56.64,6.96,103.01,Kharif,maize
52,31,40,24.65,77.48,6.66,180.15,Kharif,rice
48,67,84,17.51,43.82,7.22,68.8,Rabi,chickpea
37,50,36,28.01,47.76,6.39,32.25,Kharif,groundnut
49,32,19,21.54,49.99,7.46,40.41,Rabi,mustard
119,50,102,17.77,68.27,6.13,61.56,Rabi,potato
38,49,75,18.09,43.46,7.2,79.07,Rabi,chickpea
37,109,211,21.79,80.56,5.87,59.96,All Season,grapes
44,58,57,29.23,54.86,7.02,71.69,Kharif,groundnut
103,59,20,25.7,87.37,5.72,103.42,Kharif,cotton
25,65,18,30.76,43.73,5.03,145.98,Kharif,pigeonpeas
93,42,32,25.92,69.82,5.87,137.72,All Season,coffee
10,35,42,35.83,48.25,5.22,73.69,All Season,mango
17,17,28,23.82,100.0,5.53,182.3,All Season,coconut
31,78,30,27.42,68.21,6.81,80.49,Kharif,blackgram
30,42,26,26.93,29.59,5.84,49.7,Kharif,millet
75,42,34,12.16,42.25,7.19,37.22,Rabi,barley
16,123,191,20.82,87.82,5.45,97.77,All Season,apple
111,58,27,22.79,88.33,6.12,243.31,Kharif,rice
45,39,53,28.48,54.59,6.13,38.88,Kharif,groundnut
100,28,35,23.63,54.25,7.29,146.53,All Season,coffee
48,21,20,27.76,34.16,7.68,21.08,Kharif,millet
17,60,16,30.11,59.69,8.12,49.37,Rabi,lentil
28,145,195,19.07,93.81,6.34,126.29,All Season,apple
84,64,37,25.19,66.15,6.22,145.08,All Season,banana
47,37,33,15.51,42.25,6.91,37.91,Rabi,mustard
21,13,46,26.98,98.68,5.37,159.8,All Season,coconut
2,50,17,32.98,53.12,6.21,51.4,Kharif,mothbeans
26,36,16,28.69,89.62,6.9,50.48,Zaid,mungbean
0,62,17,23.47,53.88,5.81,107.83,Kharif,kidneybeans
29,123,202,23.48,93.61,5.79,135.76,All Season,apple
25,16,13,23.47,87.01,7.73,93.44,All Season,orange
26,72,17,30.09,69.19,6.61,59.79,Kharif,blackgram
24,51,17,31.22,46.24,7.36,53.85,Kharif,mothbeans
105,55,47,16.06,55.58,6.42,58.48,Rabi,wheat
30,59,23,19.51,55.65,5.73,110.04,Kharif,kidneybeans
9,15,12,24.55,92.4,7.24,110.01,All Season,orange
49,21,25,36.43,46.62,7.77,36.38,Kharif,millet
100,63,35,21.53,81.37,6.42,262.83,Kharif,rice
70,47,38,25.7,83.0,6.24,172.9,Kharif,jute
36,36,23,27.35,88.63,6.11,35.37,Zaid,mungbean
16,7,11,23.55,92.32,6.68,109.88,All Season,orange
75,48,24,23.45,83.79,6.99,214.45,Kharif,rice
156,32,77,21.84,73.29,6.56,161.99,All Season,sugarcane
67,52,24,24.91,73.32,6.85,91.33,Kharif,maize
11,13,56,19.22,88.81,6.25,101.68,All Season,pomegranate
79,76,48,27.62,80.32,7.03,77.4,All Season,banana
126,10,52,30.3,87.6,6.57,41.12,Zaid,watermelon
105,53,77,22.45,63.45,6.43,73.91,Rabi,tomato
90,51,87,21.85,61.22,6.41,55.43,Rabi,tomato
137,77,122,15.71,76.21,5.52,57.75,Rabi,potato
25,125,216,23.75,84.1,6.02,105.39,All Season,apple
108,75,104,23.6,77.0,6.5,163.47,All Season,sugarcane
31,62,26,22.54,65.75,6.41,41.93,Kharif,groundnut
25,12,6,21.95,97.69,7.32,123.17,All Season,orange
46,63,29,27.56,77.63,7.11,51.49,Kharif,blackgram
90,63,41,15.8,53.01,7.54,51.11,Rabi,mustard
41,68,23,32.9,67.96,6.96,76.9,Kharif,blackgram
20,55,16,16.79,61.38,5.07,128.07,Kharif,kidneybeans
65,33,33,16.23,44.33,6.95,34.57,Rabi,barley
53,73,48,32.48,94.27,5.99,136.68,All Season,papaya
50,62,71,20.53,42.65,7.72,89.26,Rabi,chickpea
16,60,25,23.75,45.51,5.82,152.78,Kharif,pigeonpeas
23,130,212,23.44,74.87,5.9,57.93,All Season,grapes
16,9,38,14.7,91.52,6.01,110.45,All Season,pomegranate
84,46,54,22.96,71.12,6.69,71.19,Rabi,tomato
126,65,102,24.25,64.2,5.76,66.96,Rabi,tomato
54,75,56,38.14,88.74,6.83,146.48,All Season,papaya
44,69,55,33.15,88.35,6.9,117.15,All Season,papaya
84,44,34,26.83,83.8,5.82,156.43,Kharif,jute
35,85,67,20.83,43.33,7.19,91.86,Rabi,chickpea
106,69,99,23.98,69.82,6.27,83.19,Rabi,tomato
21,131,174,25.17,81.54,6.64,58.33,All Season,grapes
23,14,12,25.68,86.34,6.71,95.1,All Season,orange
17,72,26,24.48,45.81,5.72,115.11,Kharif,pigeonpeas
74,43,28,16.63,41.4,6.76,32.06,Rabi,barley
130,80,61,20.24,70.61,7.16,133.6,All Season,sugarcane
35,67,47,24.87,64.29,6.99,49.26,Kharif,groundnut
79,39,54,21.83,47.96,7.98,49.91,Rabi,mustard
18,35,20,37.01,50.85,5.75,91.04,All Season,mango
83,50,82,27.0,69.75,5.84,82.09,Rabi,tomato
14,82,18,17.84,56.4,6.78,33.37,Rabi,lentil
42,62,54,38.24,91.86,6.48,146.93,All Season,papaya
116,34,28,28.88,63.92,6.88,164.11,All Season,coffee
17,18,55,23.86,96.24,6.64,97.33,All Season,pomegranate
24,16,25,27.93,86.11,5.98,124.56,All Season,pomegranate
57,54,43,23.88,68.31,5.84,102.77,Kharif,soybean
30,81,25,24.57,66.73,7.4,60.6,Rabi,lentil
18,13,13,23.09,98.25,7.21,114.86,All Season,orange
113,55,29,20.29,52.04,5.98,58.58,Rabi,wheat
106,59,141,15.86,66.49,5.81,32.92,Rabi,potato
25,70,15,28.76,42.05,5.48,154.73,Kharif,pigeonpeas
84,10,42,25.08,85.61,6.39,27.24,Zaid,watermelon
22,53,27,29.75,83.5,6.52,50.39,Zaid,mungbean
31,31,32,28.25,53.24,5.44,120.33,All Season,mango
39,57,16,30.25,70.46,7.03,53.49,Kharif,blackgram
36,59,17,24.98,51.42,5.53,102.06,Kharif,kidneybeans
15,53,19,27.54,51.29,6.27,148.51,Kharif,pigeonpeas
94,78,55,30.42,80.28,6.66,122.16,All Season,banana
95,77,41,29.16,80.01,5.89,96.77,All Season,banana
21,55,16,25.05,55.44,5.6,176.71,Kharif,pigeonpeas
8,50,17,26.54,57.18,7.39,48.73,Kharif,mothbeans
35,57,52,24.47,55.08,6.23,63.35,Kharif,groundnut
21,19,14,21.9,93.13,7.84,72.27,All Season,orange
17,8,41,16.14,90.31,6.75,100.85,All Season,pomegranate
109,72,17,22.69,75.43,7.54,73.69,Kharif,cotton
83,60,45,26.18,77.71,6.19,105.58,All Season,banana
121,57,94,23.63,59.58,6.41,40.53,Rabi,tomato
131,57,48,13.34,56.6,6.96,66.23,Rabi,wheat
22,43,18,29.53,89.66,5.92,44.31,Zaid,mungbean
86,59,142,19.51,69.39,6.24,42.29,Rabi,potato
125,47,21,29.03,79.61,7.28,117.33,Kharif,cotton
11,24,35,18.54,90.22,6.14,130.26,All Season,pomegranate
21,17,29,26.97,90.04,6.14,195.13,All Season,coconut
51,82,20,27.47,50.39,7.37,58.22,Kharif,blackgram
91,54,41,21.84,49.01,6.99,61.79,Rabi,wheat
25,26,19,28.67,51.33,7.45,57.06,Kharif,mothbeans
97,43,122,15.22,64.25,5.86,36.6,Rabi,potato
47,65,41,26.07,60.4,6.5,112.92,Kharif,soybean
68,19,38,37.04,42.85,6.18,41.45,Kharif,millet
17,39,20,29.64,61.98,6.55,46.03,Kharif,mothbeans
52,81,73,15.5,43.78,6.98,79.05,Rabi,chickpea
69,45,11,19.92,71.75,7.31,62.78,Kharif,maize
67,68,31,20.96,87.79,6.72,248.72,Kharif,rice
16,62,12,23.21,70.59,7.55,54.6,Rabi,lentil
58,68,14,26.56,71.54,6.87,68.53,Kharif,blackgram
17,40,24,26.51,88.08,6.55,28.24,Zaid,mungbean
28,34,34,33.12,59.44,5.97,107.92,All Season,mango
119,74,51,28.59,86.25,5.34,115.69,All Season,banana
70,45,35,28.63,81.93,5.98,254.68,Kharif,rice
22,114,214,22.28,91.9,6.26,118.72,All Season,apple
85,42,33,14.99,48.78,7.79,28.95,Rabi,barley
103,52,63,28.44,67.78,6.75,111.25,All Season,sugarcane
17,22,39,24.18,95.5,6.82,115.06,All Season,pomegranate
33,80,25,29.0,54.24,6.87,60.8,Kharif,blackgram
20,58,23,28.25,47.15,7.12,52.23,Kharif,mothbeans
51,66,49,32.6,90.97,6.46,162.29,All Season,papaya
55,31,35,11.17,44.52,7.5,49.28,Rabi,barley
54,41,31,15.47,53.05,7.36,51.63,Rabi,barley
84,30,34,21.01,52.73,7.16,180.0,All Season,coffee
76,58,49,33.04,79.39,5.93,75.16,All Season,banana
17,67,30,23.53,36.89,6.19,133.03,Kharif,pigeonpeas
84,62,46,23.6,81.9,6.0,229.44,Kharif,rice
40,74,8,31.34,61.17,7.76,75.48,Kharif,blackgram
120,43,8,24.06,81.31,6.64,59.62,Kharif,cotton
30,14,31,27.86,96.66,6.01,181.41,All Season,coconut
38,56,23,30.55,62.48,6.34,85.33,Kharif,blackgram
91,80,67,31.5,70.79,6.23,100.44,All Season,banana
111,74,32,34.88,89.13,6.29,88.94,All Season,banana
46,83,50,25.4,51.94,7.39,78.2,Kharif,groundnut
107,44,20,25.09,79.73,6.61,45.06,Kharif,cotton
28,64,25,21.65,59.36,5.72,61.73,Rabi,lentil
30,67,71,20.23,34.28,7.16,84.52,Rabi,chickpea
34,48,52,32.44,59.12,6.53,79.89,Kharif,groundnut
47,57,45,20.41,46.34,7.62,31.32,Rabi,barley
87,38,52,22.04,80.39,6.73,193.07,Kharif,rice
9,46,18,27.0,52.31,6.93,50.2,Kharif,mothbeans
74,43,34,28.41,84.02,5.9,257.54,Kharif,rice
94,68,85,24.35,56.5,6.82,72.07,Rabi,tomato
20,71,25,30.42,41.14,6.21,148.38,Kharif,pigeonpeas
117,58,74,22.6,80.31,7.03,167.09,All Season,sugarcane
7,66,12,27.21,69.5,6.45,37.34,Rabi,lentil
22,17,27,29.86,93.51,5.47,152.57,All Season,coconut
12,17,33,31.24,98.73,6.35,110.82,All Season,coconut
20,71,19,25.36,52.94,5.91,150.44,Kharif,pigeonpeas
52,67,45,31.78,98.21,7.09,162.37,All Season,papaya
48,21,15,28.3,39.54,7.41,30.79,Kharif,millet
76,51,20,24.77,61.95,6.76,80.33,Kharif,maize
16,44,17,31.36,83.98,7.53,52.31,Zaid,mungbean
82,17,49,26.56,85.67,6.65,47.69,Zaid,watermelon
34,49,45,28.68,66.96,6.86,57.9,Kharif,groundnut
132,65,37,16.52,53.07,7.43,70.73,Rabi,wheat
16,14,10,21.11,87.22,7.11,129.82,All Season,orange
25,24,30,29.09,48.34,6.88,54.11,Kharif,mothbeans
88,52,94,22.95,63.91,7.03,61.31,Rabi,tomato
25,133,213,23.88,77.99,5.76,45.85,All Season,grapes
14,70,9,29.46,44.71,6.76,130.63,Kharif,pigeonpeas
45,19,26,28.12,37.71,6.9,36.25,Kharif,millet
56,70,54,39.39,98.12,6.88,121.64,All Season,papaya
21,21,31,27.63,94.46,5.42,233.84,All Season,coconut
45,50,47,26.25,76.4,6.25,188.55,Kharif,jute
124,64,44,20.49,62.02,7.15,74.73,Rabi,wheat
47,32,30,31.32,50.12,7.8,49.95,Kharif,millet
97,38,40,22.81,78.03,6.68,152.78,Kharif,jute
14,90,28,25.27,64.73,7.42,55.95,Rabi,lentil
70,39,22,31.23,36.79,6.88,42.62,Kharif,millet
132,69,38,21.67,55.89,6.47,55.8,Rabi,wheat
92,75,53,24.93,84.02,6.03,69.69,All Season,banana
8,80,9,27.19,62.59,7.25,31.68,Rabi,lentil
21,37,19,23.13,46.28,7.14,59.25,Kharif,mothbeans
18,54,20,23.57,53.99,7.9,57.92,Kharif,mothbeans
115,55,44,14.92,56.02,6.03,63.33,Rabi,wheat
46,64,86,17.44,44.02,7.32,64.97,Rabi,chickpea
35,58,51,29.88,55.57,6.7,74.9,Kharif,groundnut
111,67,121,11.98,57.51,6.57,55.0,Rabi,potato
16,18,30,24.89,82.92,6.62,103.1,All Season,pomegranate
85,72,68,30.58,67.26,5.69,64.86,Rabi,tomato
76,44,90,17.27,59.33,5.71,87.17,Rabi,tomato
38,68,28,28.89,48.77,6.99,59.08,Kharif,groundnut
17,17,34,25.49,91.94,6.5,120.13,All Season,pomegranate
35,57,35,29.49,60.28,6.73,91.64,Kharif,groundnut
65,44,52,16.78,57.93,7.29,34.9,Rabi,mustard
16,18,33,36.43,53.75,5.9,103.18,All Season,mango
80,72,38,24.75,81.83,5.93,264.28,Kharif,rice
49,30,19,28.46,37.52,6.19,45.42,Kharif,millet
20,69,16,31.32,40.94,6.04,179.55,Kharif,pigeonpeas
19,52,23,25.68,53.41,5.79,69.3,Kharif,mothbeans
101,49,107,17.03,63.68,5.83,50.43,Rabi,potato
120,60,124,13.29,68.94,5.83,44.15,Rabi,potato
27,134,223,21.02,90.78,6.23,83.49,All Season,apple
20,44,21,27.65,64.31,7.77,53.6,Rabi,lentil
63,30,45,17.32,39.15,7.42,36.15,Rabi,barley
21,67,25,33.1,87.06,7.17,40.76,Zaid,mungbean
77,31,25,20.15,59.33,6.6,105.68,Kharif,maize
98,55,44,25.43,81.2,7.17,208.96,Kharif,jute
79,74,43,33.76,95.04,7.01,153.66,All Season,papaya
120,58,74,24.4,77.87,7.11,155.31,All Season,sugarcane
63,28,30,26.69,43.5,6.53,25.11,Kharif,millet
57,40,46,15.46,57.39,7.42,34.85,Rabi,mustard
51,47,46,20.47,81.85,7.23,227.56,Kharif,jute
20,20,11,21.11,84.06,6.88,129.0,All Season,orange
28,14,49,22.87,82.86,6.65,106.23,All Season,pomegranate
27,49,27,19.17,54.84,5.51,99.24,Kharif,kidneybeans
15,61,17,25.3,69.09,6.87,45.16,Rabi,lentil
47,40,26,30.74,41.78,6.49,33.43,Kharif,millet
25,56,22,26.82,57.54,6.1,64.65,Kharif,mothbeans
99,48,140,16.6,71.11,5.96,62.66,Rabi,potato
18,28,36,29.86,45.25,5.08,104.6,All Season,mango
99,84,61,28.44,75.58,5.23,68.86,All Season,banana
80,20,68,28.79,90.86,6.59,60.48,Zaid,watermelon
140,64,101,16.18,67.71,5.91,55.26,Rabi,potato
17,126,213,25.81,91.99,6.17,93.31,All Season,apple
25,34,26,32.58,43.58,6.97,35.38,Kharif,millet
20,147,210,28.62,77.94,5.86,78.71,All Season,grapes
83,64,64,18.25,65.8,6.6,69.91,Rabi,tomato
18,15,5,25.38,82.51,8.36,137.53,All Season,orange
124,69,45,14.3,64.8,6.14,69.54,Rabi,wheat
43,51,46,40.23,91.0,7.06,133.2,All Season,papaya
17,73,21,21.26,70.78,7.46,33.7,Rabi,lentil
36,28,18,36.86,43.3,7.49,39.01,Kharif,millet
49,63,18,29.95,69.1,7.34,65.36,Kharif,blackgram
125,33,25,15.54,83.97,7.37,72.62,Kharif,cotton
27,16,25,25.48,93.25,5.29,145.6,All Season,coconut
76,52,27,21.67,49.85,7.39,37.22,Rabi,mustard
76,44,45,25.11,80.2,6.86,197.57,Kharif,rice
96,68,82,26.56,62.36,6.33,78.59,Rabi,tomato
32,48,41,23.4,52.66,6.67,69.84,Kharif,groundnut
105,41,20,20.12,55.76,6.19,84.33,Kharif,maize
74,38,45,17.98,53.9,6.61,70.21,Rabi,wheat
100,19,53,23.34,80.71,7.5,45.96,Zaid,watermelon
102,6,44,23.03,83.01,6.73,49.73,Zaid,watermelon
29,16,11,26.91,89.96,7.56,115.46,All Season,orange
29,76,19,28.53,46.23,6.48,144.99,Kharif,pigeonpeas
25,53,24,29.17,49.8,7.22,35.71,Kharif,mothbeans
22,12,8,18.22,91.52,6.85,115.89,All Season,orange
121,34,29,22.29,55.8,7.44,192.74,All Season,coffee
95,28,26,29.63,58.24,6.43,140.2,All Season,coffee
26,67,12,19.87,65.37,6.07,103.76,Kharif,kidneybeans
105,91,43,30.25,77.76,6.31,74.82,All Season,banana
70,30,42,13.12,41.08,7.68,28.43,Rabi,mustard
27,13,5,22.59,90.98,6.58,109.06,All Season,orange
69,47,42,23.35,86.85,6.25,182.03,Kharif,jute
100,46,81,17.99,70.26,5.88,75.59,Rabi,tomato
10,46,18,20.4,55.47,5.58,86.09,Kharif,kidneybeans
74,33,35,14.56,50.38,7.88,34.12,Rabi,barley
29,121,205,18.32,83.53,6.78,57.66,All Season,grapes
82,33,38,23.09,70.47,7.12,155.22,Kharif,jute
41,76,12,25.4,74.48,6.86,81.63,Kharif,blackgram
60,28,23,30.27,37.44,7.13,30.62,Kharif,millet
17,50,25,26.41,65.59,6.54,52.39,Kharif,mothbeans
78,33,30,17.39,40.44,7.84,37.67,Rabi,barley
109,36,117,13.64,71.95,5.18,67.15,Rabi,potato
55,52,50,32.64,95.33,6.64,141.13,All Season,papaya
68,51,14,22.85,64.77,6.4,82.69,Kharif,maize
22,16,9,20.66,90.3,7.21,85.56,All Season,orange
94,19,51,24.54,83.44,6.05,60.68,Zaid,watermelon
77,34,30,27.45,55.41,7.06,179.2,All Season,coffee
117,39,25,16.89,77.14,7.31,75.11,Kharif,cotton
43,51,48,30.77,59.32,6.45,70.71,Kharif,groundnut
22,19,41,28.8,96.0,6.1,161.2,All Season,coconut
14,50,15,29.86,52.8,6.0,57.05,Kharif,mothbeans
77,37,34,17.67,51.29,8.03,20.95,Rabi,barley
41,57,41,28.52,56.35,6.37,68.68,Kharif,groundnut
126,86,101,23.71,56.32,6.76,70.94,Rabi,tomato
107,42,8,26.84,83.9,6.9,52.9,Kharif,cotton
26,70,13,18.67,52.66,5.68,113.52,Kharif,kidneybeans
21,24,34,23.33,89.49,5.97,139.32,All Season,coconut
40,69,40,30.37,93.69,7.34,133.79,All Season,papaya
104,80,53,18.72,55.23,6.65,74.2,Rabi,wheat
18,112,214,23.03,89.41,5.74,142.91,All Season,apple
117,38,12,17.72,79.14,6.68,68.23,Kharif,cotton
24,149,176,25.23,84.22,5.18,79.18,All Season,grapes
120,78,64,34.79,81.01,6.76,149.93,All Season,sugarcane
54,31,23,30.8,38.68,7.16,39.79,Kharif,millet
18,48,18,31.64,35.97,6.79,50.73,Kharif,mothbeans
38,45,49,33.0,90.94,6.67,115.03,All Season,papaya
37,44,43,30.71,60.57,6.55,71.01,Kharif,groundnut
101,45,44,14.98,55.17,6.6,81.29,Rabi,wheat
101,70,65,30.93,84.33,5.87,143.71,All Season,banana
16,62,19,25.54,58.99,6.66,61.11,Kharif,mothbeans
106,25,28,28.38,55.1,7.11,195.88,All Season,coffee
113,41,11,25.02,80.54,6.14,88.56,Kharif,cotton
137,63,36,23.54,51.37,6.9,69.49,Rabi,wheat
85,32,27,14.73,51.67,6.82,46.63,Rabi,barley
64,41,18,18.19,59.27,6.26,100.74,Kharif,maize
21,38,19,24.31,90.95,6.58,43.11,Zaid,mungbean
21,100,21,17.49,55.47,5.17,103.39,Kharif,kidneybeans
130,48,33,18.82,51.69,6.85,68.04,Rabi,wheat
67,57,20,23.36,75.7,6.75,94.69,Kharif,maize
34,97,14,27.24,61.61,7.2,62.36,Kharif,blackgram
72,35,35,20.46,58.11,6.39,46.73,Rabi,mustard
105,21,47,23.63,80.89,6.64,40.4,Zaid,watermelon
53,49,52,32.55,93.92,6.68,144.46,All Season,papaya
13,15,3,23.81,93.78,7.84,107.01,All Season,orange
63,27,26,27.02,35.4,7.36,50.82,Kharif,millet
37,72,29,32.49,81.92,6.37,130.33,All Season,papaya
31,23,28,28.61,49.23,8.17,48.56,Kharif,millet
110,67,42,22.22,81.17,5.97,126.72,All Season,banana
16,26,15,27.28,91.04,8.21,117.13,All Season,orange
124,61,81,27.54,73.07,7.04,162.04,All Season,sugarcane
36,56,56,39.18,93.86,7.17,136.47,All Season,papaya
42,72,14,34.87,76.95,7.26,87.08,Kharif,blackgram
22,149,213,19.55,88.5,5.62,130.27,All Season,apple
82,32,41,15.27,49.2,7.58,28.2,Rabi,mustard
18,56,20,29.39,47.25,6.51,46.5,Kharif,mothbeans
91,43,44,22.84,79.67,6.5,172.6,Kharif,rice
85,29,33,27.08,58.58,6.7,169.39,All Season,coffee
17,64,21,30.11,48.07,6.19,45.17,Kharif,mothbeans
9,11,17,24.63,98.91,7.41,97.15,All Season,orange
28,31,29,31.85,51.73,6.0,58.49,All Season,mango
109,68,104,24.66,70.26,6.55,91.99,Rabi,tomato
138,67,61,27.14,84.05,7.51,181.27,All Season,sugarcane
22,124,216,21.98,89.54,5.99,148.04,All Season,apple
26,15,32,30.27,97.17,6.31,141.22,All Season,coconut
95,58,63,32.65,80.19,6.86,105.83,All Season,banana
104,34,77,20.24,56.27,6.57,82.5,Rabi,tomato
16,14,12,23.35,94.33,6.88,104.34,All Season,orange
119,57,15,20.01,73.34,6.31,91.12,Kharif,cotton
22,45,26,30.11,62.7,6.1,51.59,Kharif,mothbeans
23,31,15,36.47,51.17,7.17,44.19,Kharif,mothbeans
27,22,23,32.69,53.59,6.0,54.72,All Season,mango
37,63,73,20.66,43.91,7.04,99.82,Rabi,chickpea
23,44,18,30.5,46.76,7.77,30.15,Kharif,mothbeans
108,26,50,24.95,84.16,6.55,42.52,Zaid,watermelon
86,20,70,27.1,77.24,6.36,52.02,Zaid,watermelon
22,41,18,25.87,89.98,6.58,62.53,Zaid,mungbean
24,21,31,31.05,53.54,5.69,88.86,All Season,mango
51,41,53,36.02,92.13,7.65,125.53,All Season,papaya
13,66,14,26.59,62.55,6.25,49.42,Rabi,lentil
54,51,27,27.45,62.12,7.09,75.72,Kharif,soybean
45,66,30,22.28,77.65,6.36,83.09,Kharif,soybean
24,126,193,17.83,80.91,5.81,63.41,All Season,grapes
113,19,68,22.55,88.49,5.98,52.37,Zaid,watermelon
86,15,54,31.76,87.62,6.69,56.11,Zaid,watermelon
64,53,32,17.11,48.7,7.5,45.21,Rabi,mustard
91,12,52,22.08,81.22,6.96,69.81,Zaid,watermelon
86,54,43,22.66,78.69,7.08,135.98,Kharif,jute
28,142,189,22.7,89.17,5.83,102.72,All Season,apple
19,22,1,24.33,94.71,7.57,109.33,All Season,orange
23,147,208,22.28,76.26,6.11,51.69,All Season,grapes
56,28,32,29.88,36.1,6.47,49.35,Kharif,millet
55,14,24,32.22,38.58,6.76,37.5,Kharif,millet
22,18,13,28.39,92.64,7.55,104.17,All Season,orange
17,13,55,19.52,92.75,6.82,99.67,All Season,pomegranate
25,58,23,29.26,81.51,6.7,42.67,Zaid,mungbean
81,47,43,23.6,84.29,6.06,103.25,Kharif,soybean
22,83,193,24.89,90.93,5.71,93.95,All Season,apple
50,70,35,27.75,65.03,7.03,87.3,Kharif,soybean
129,52,124,12.28,72.22,6.58,40.07,Rabi,potato
21,41,36,26.0,79.95,6.62,87.56,Kharif,soybean
34,14,29,25.48,92.91,6.91,203.91,All Season,coconut
48,62,39,38.48,92.36,6.81,128.17,All Season,papaya
120,84,20,24.89,85.12,6.06,83.52,All Season,banana
40,52,31,23.55,55.42,7.05,80.62,Kharif,groundnut
21,30,25,24.15,86.45,6.39,104.28,All Season,pomegranate
20,64,14,24.28,50.79,5.52,157.91,Kharif,pigeonpeas
22,3,10,17.83,94.46,7.74,93.83,All Season,orange
116,65,106,18.07,75.15,6.08,66.19,Rabi,potato
31,28,19,32.99,47.54,7.05,39.32,Kharif,millet
35,71,49,28.75,58.25,6.44,46.37,Kharif,groundnut
56,62,49,37.59,93.82,6.36,125.58,All Season,papaya
121,52,14,24.78,86.39,7.19,81.44,Kharif,cotton
81,45,52,17.37,87.46,6.9,167.8,Kharif,rice
0,20,40,16.76,91.34,6.59,116.84,All Season,pomegranate
28,62,8,26.56,53.48,6.07,160.7,Kharif,pigeonpeas
102,40,146,16.27,61.67,5.63,45.45,Rabi,potato
52,90,17,30.33,62.5,7.1,86.39,Kharif,blackgram
126,19,30,29.25,89.56,6.36,57.97,Zaid,watermelon
11,14,49,24.98,98.24,5.77,190.97,All Season,coconut
24,19,41,19.3,83.23,6.49,121.57,All Season,pomegranate
80,35,21,20.42,61.3,6.79,107.29,Kharif,maize
14,64,82,15.92,47.32,7.22,106.33,Rabi,chickpea
113,44,93,23.12,68.26,6.64,69.7,Rabi,tomato
47,68,18,27.39,65.43,7.4,54.28,Kharif,blackgram
44,78,73,15.79,38.75,7.11,74.72,Rabi,chickpea
89,56,90,26.25,59.01,6.48,69.65,Rabi,tomato
98,55,88,23.32,63.68,6.02,47.49,Rabi,tomato
21,18,54,17.36,90.66,6.43,120.2,All Season,pomegranate
33,52,37,23.8,71.79,6.57,58.24,Kharif,soybean
86,14,61,24.78,77.72,6.47,50.01,Zaid,watermelon
57,61,18,26.29,70.81,5.87,61.77,Kharif,soybean
22,81,20,17.02,61.81,7.5,36.92,Rabi,lentil
20,145,191,21.33,87.71,6.0,118.55,All Season,apple
102,53,125,14.83,69.67,5.51,48.32,Rabi,potato
28,15,35,26.91,94.9,5.81,170.25,All Season,coconut
110,45,118,20.92,65.49,5.31,53.18,Rabi,potato
120,18,33,22.38,59.42,7.1,152.74,All Season,coffee
31,71,15,32.59,65.91,7.22,58.61,Kharif,blackgram
61,47,55,27.86,92.09,7.14,128.81,All Season,papaya
159,54,57,26.89,78.13,7.0,204.96,All Season,sugarcane
23,72,16,29.07,55.68,4.69,162.57,Kharif,pigeonpeas
14,57,26,26.74,84.39,6.29,45.97,Zaid,mungbean
19,25,25,24.05,99.38,6.48,188.66,All Season,coconut
61,53,25,24.8,71.97,6.12,59.41,Kharif,maize
107,4,22,20.03,59.86,6.9,165.18,All Season,coffee
68,61,50,26.72,88.74,7.59,169.79,Kharif,jute
91,49,30,21.7,49.56,7.21,31.16,Rabi,mustard
53,43,56,30.36,97.86,6.68,111.44,All Season,papaya
36,51,80,21.06,39.55,7.91,87.66,Rabi,chickpea
70,21,31,14.86,41.45,7.12,37.17,Rabi,barley
19,70,27,22.46,60.78,5.56,87.22,Kharif,kidneybeans
19,14,9,20.66,90.94,8.02,94.07,All Season,orange
43,86,88,19.84,47.78,7.32,88.37,Rabi,chickpea
44,83,39,28.96,77.24,6.89,55.79,Kharif,soybean
15,155,221,19.94,94.65,5.43,137.98,All Season,apple
77,73,40,28.91,72.31,6.14,91.4,All Season,banana
88,12,59,29.27,89.0,6.71,51.73,Zaid,watermelon
44,73,29,27.47,68.59,7.04,98.02,Kharif,soybean
64,60,41,24.1,85.19,6.25,168.39,Kharif,jute
86,76,61,29.71,80.57,5.86,122.95,All Season,banana
20,126,191,22.09,70.92,6.16,59.45,All Season,grapes
51,43,54,29.71,63.13,7.02,71.93,Kharif,groundnut
72,37,39,26.39,77.07,6.6,214.09,Kharif,rice
80,67,41,23.02,78.19,6.25,209.87,Kharif,jute
92,95,48,27.18,69.32,5.92,120.73,All Season,banana
25,54,19,17.99,53.87,5.58,95.45,Kharif,kidneybeans
50,60,88,16.07,50.34,7.37,88.3,Rabi,chickpea
75,35,34,9.7,49.41,7.21,39.51,Rabi,mustard
23,30,17,27.58,92.2,6.59,25.99,Zaid,mungbean
90,63,52,12.36,41.34,6.8,30.45,Rabi,mustard
18,35,24,33.23,92.18,7.19,46.02,Zaid,mungbean
19,16,35,18.57,88.37,5.55,96.96,All Season,pomegranate
40,64,11,30.77,76.35,6.75,58.72,Kharif,blackgram
44,55,66,14.99,51.68,7.05,103.01,Rabi,chickpea
85,61,123,18.55,63.12,6.47,55.16,Rabi,potato
72,45,46,17.47,46.35,6.88,36.25,Rabi,barley
26,14,48,20.5,97.11,6.25,95.39,All Season,pomegranate
23,18,28,28.19,50.8,5.62,98.54,All Season,mango
30,53,24,22.23,66.06,5.58,119.25,Kharif,kidneybeans
19,77,20,27.68,76.39,7.13,55.57,Kharif,blackgram
71,38,33,15.37,49.25,7.67,43.75,Rabi,barley
22,61,18,24.32,69.76,6.37,44.48,Rabi,lentil
123,52,23,21.22,80.76,7.63,76.67,Kharif,cotton
102,44,18,26.75,68.89,6.73,123.97,Kharif,maize
91,54,42,18.4,57.53,7.25,71.8,Rabi,wheat
21,146,188,20.08,89.93,5.67,127.38,All Season,apple
80,83,117,18.86,73.14,5.61,63.07,Rabi,potato
168,48,90,30.56,71.94,6.84,182.76,All Season,sugarcane
13,50,25,27.45,90.9,7.22,64.64,Zaid,mungbean
30,154,211,22.82,92.38,6.21,105.65,All Season,apple
82,88,49,27.61,79.01,6.31,119.66,All Season,banana
42,70,42,25.01,64.04,6.49,103.22,Kharif,soybean
3,25,34,23.86,93.06,6.05,117.91,All Season,pomegranate
24,114,202,24.28,91.6,6.05,94.86,All Season,apple
144,55,25,21.99,83.82,7.88,68.0,Kharif,cotton
71,36,42,20.16,40.64,7.88,36.97,Rabi,mustard
70,56,33,23.71,84.52,6.75,193.99,Kharif,rice
24,57,19,26.34,78.4,6.43,41.83,Zaid,mungbean
33,61,21,26.42,62.75,6.9,58.24,Kharif,groundnut
112,23,56,24.95,85.76,5.89,49.46,Zaid,watermelon
14,149,219,19.44,87.33,5.94,74.62,All Season,grapes
96,36,27,23.1,60.91,6.36,171.49,All Season,coffee
18,143,191,28.73,81.4,6.27,78.55,All Season,grapes
59,58,51,24.31,66.2,7.3,101.37,Kharif,soybean
110,59,72,21.76,53.38,6.31,80.96,Rabi,tomato
81,44,50,21.13,76.62,6.36,166.89,Kharif,jute
81,50,18,24.38,61.68,6.94,60.77,Kharif,maize
65,38,48,20.37,75.79,7.28,181.53,Kharif,jute
83,39,25,12.01,55.2,7.15,27.46,Rabi,barley
23,37,15,25.29,53.66,6.49,57.93,Kharif,mothbeans
115,63,75,28.57,77.46,6.51,129.9,All Season,sugarcane
9,26,39,30.78,51.76,6.49,86.92,All Season,mango
90,43,37,19.55,57.98,7.72,29.47,Rabi,mustard
109,58,89,27.03,70.78,6.3,79.19,Rabi,tomato
89,35,34,27.12,75.31,6.27,141.7,Kharif,jute
24,68,25,31.63,44.67,7.18,51.36,Kharif,mothbeans
29,166,207,16.35,90.35,6.15,105.11,All Season,apple
82,77,106,21.56,55.57,6.32,66.53,Rabi,tomato
11,33,30,25.9,48.45,6.03,88.34,All Season,mango
26,24,37,28.82,98.01,5.57,130.63,All Season,coconut
21,71,26,23.8,45.9,5.41,159.48,Kharif,pigeonpeas
112,88,139,14.67,60.82,6.88,67.75,Rabi,potato
113,55,24,14.87,54.14,6.12,74.0,Rabi,wheat
20,22,32,31.43,98.39,5.82,121.85,All Season,coconut
15,50,18,23.98,62.19,7.12,37.49,Rabi,lentil
99,42,110,15.0,74.17,5.86,71.59,Rabi,potato
67,49,38,21.39,74.25,6.33,205.1,Kharif,jute
38,57,50,29.13,47.55,6.16,64.76,Kharif,groundnut
14,12,22,21.71,87.85,5.83,125.84,All Season,pomegranate
28,95,20,17.74,47.48,5.78,127.08,Kharif,kidneybeans
67,20,17,26.43,36.6,7.55,47.6,Kharif,millet
26,66,22,25.54,84.47,6.82,68.68,Zaid,mungbean
61,43,43,14.03,52.15,8.29,35.53,Rabi,barley
60,53,42,24.63,83.73,6.13,236.97,Kharif,rice
32,76,28,15.86,53.12,5.48,119.43,Kharif,kidneybeans
90,52,49,32.93,84.42,6.88,121.65,All Season,banana
61,30,34,15.51,39.39,6.87,38.58,Rabi,barley
19,61,14,19.23,60.63,7.14,37.97,Rabi,lentil
18,33,24,29.4,53.36,5.8,106.69,All Season,mango
142,57,60,28.11,75.38,6.92,145.16,All Season,sugarcane
88,47,74,20.31,65.95,6.1,53.54,Rabi,tomato
9,140,198,26.0,89.95,5.82,132.9,All Season,apple
54,50,29,15.63,43.32,7.41,38.66,Rabi,barley
31,56,20,32.28,79.45,6.17,26.22,Zaid,mungbean
16,8,7,27.99,86.98,7.0,111.11,All Season,orange
99,57,41,21.92,54.43,6.71,74.12,Rabi,wheat
27,31,25,29.0,34.3,7.14,32.1,Kharif,millet
126,28,28,27.39,58.03,7.55,158.0,All Season,coffee
101,19,57,27.97,84.51,6.44,74.29,Zaid,watermelon
36,89,82,20.04,49.0,7.47,92.58,Rabi,chickpea
14,22,32,33.6,56.27,6.58,93.65,All Season,mango
12,82,23,24.85,51.17,5.59,109.63,Kharif,kidneybeans
86,25,28,28.49,62.72,6.91,158.03,All Season,coffee
18,16,9,23.17,96.7,6.94,89.57,All Season,orange
22,13,36,21.79,89.93,6.7,77.78,All Season,pomegranate
105,81,47,28.76,78.71,6.0,98.51,All Season,banana
11,33,29,31.31,52.3,5.41,104.13,All Season,mango
42,71,31,29.17,63.09,7.15,80.86,Kharif,blackgram
